clean_text,label
go until jurong point crazy available only in bugis n great world la e buffet cine there got amore wat,0
ok lar joking wif u oni,0
free entry in NUMBER a wkly comp to win fa cup final tkts NUMBER st may NUMBER text fa to NUMBER to receive entry question std txt rate t c s apply NUMBER over NUMBER s,1
u dun say so early hor u c already then say,0
nah i don t think he goes to usf he lives around here though,0
freemsg hey there darling it s been NUMBER week s now and no word back i d like some fun you up for it still tb ok xxx std chgs to send NUMBER NUMBER to rcv,1
even my brother is not like to speak with me they treat me like aids patent,0
as per your request melle melle oru minnaminunginte nurungu vettam has been set as your callertune for all callers press NUMBER to copy your friends callertune,0
winner as a valued network customer you have been selected to receivea NUMBER prize reward to claim call NUMBER claim code kl NUMBER valid NUMBER hours only,1
had your mobile NUMBER months or more u r entitled to update to the latest colour mobiles with camera for free call the mobile update co free on NUMBER,1
i m gonna be home soon and i don t want to talk about this stuff anymore tonight k i ve cried enough today,0
six chances to win cash from NUMBER to NUMBER NUMBER pounds txt csh NUMBER and send to NUMBER cost NUMBER p day NUMBER days NUMBER tsandcs apply reply hl NUMBER info,1
urgent you have won a NUMBER week free membership in our NUMBER NUMBER prize jackpot txt the word claim to no NUMBER t c URL lccltd pobox NUMBER ldnw NUMBER a NUMBER rw NUMBER,1
i ve been searching for the right words to thank you for this breather i promise i wont take your help for granted and will fulfil my promise you have been wonderful and a blessing at all times,0
i have a date on sunday with will,0
xxxmobilemovieclub to use your credit click the wap link in the next txt message or click here URL xxxmobilemovieclub com n qjkgighjjgcbl,1
oh k i m watching here,0
eh u remember how NUMBER spell his name yes i did he v naughty make until i v wet,0
fine if that s the way u feel that s the way its gota b,0
england v macedonia dont miss the goals team news txt ur national team to NUMBER eg england to NUMBER try wales scotland NUMBER txt NUMBER NUMBER poboxox NUMBER w NUMBER wq NUMBER,1
is that seriously how you spell his name,0
i m going to try for NUMBER months ha ha only joking,0
so pay first lar then when is da stock comin,0
aft i finish my lunch then i go str down lor ard NUMBER smth lor u finish ur lunch already,0
ffffffffff alright no way i can meet up with you sooner,0
just forced myself to eat a slice i m really not hungry tho this sucks mark is getting worried he knows i m sick when i turn down pizza lol,0
lol your always so convincing,0
did you catch the bus are you frying an egg did you make a tea are you eating your mom s left over dinner do you feel my love,0
i m back amp we re packing the car now i ll let you know if there s room,0
ahhh work i vaguely remember that what does it feel like lol,0
wait that s still not all that clear were you not sure about me being sarcastic or that that s why x doesn t want to live with us,0
yeah he got in at NUMBER and was v apologetic n had fallen out and she was actin like spoilt child and he got caught up in that till NUMBER but we won t go there not doing too badly cheers you,0
k tell me anything about you,0
for fear of fainting with the of all that housework you just did quick have a cuppa,0
thanks for your subscription to ringtone uk your mobile will be charged NUMBER month please confirm by replying yes or no if you reply no you will not be charged,1
yup ok i go home look at the timings then i msg again xuhui going to learn on NUMBER nd may too but her lesson is at NUMBER am,0
oops i ll let you know when my roommate s done,0
i see the letter b on my car,0
anything lor u decide,0
hello how s you and how did saturday go i was just texting to see if you d decided to do anything tomo not that i m trying to invite myself or anything,0
pls go ahead with watts i just wanted to be sure do have a great weekend abiola,0
did i forget to tell you i want you i need you i crave you but most of all i love you my sweet arabian steed mmmmmm yummy,0
NUMBER rodger burns msg we tried to call you re your reply to our sms for a free nokia mobile free camcorder please call now NUMBER for delivery tomorrow,1
who are you seeing,0
great i hope you like your man well endowed i am lt gt inches,0
no calls messages missed calls,0
didn t you get hep b immunisation in nigeria,0
fair enough anything going on,0
yeah hopefully if tyler can t do it i could maybe ask around a bit,0
u don t know how stubborn i am i didn t even want to go to the hospital i kept telling mark i m not a weak sucker hospitals are for weak suckers,0
what you thinked about me first time you saw me in class,0
a gram usually runs like lt gt a half eighth is smarter though and gets you almost a whole second gram for lt gt,0
k fyi x has a ride early tomorrow morning but he s crashing at our place tonight,0
wow i never realized that you were so embarassed by your accomodations i thought you liked it since i was doing the best i could and you always seemed so happy about the cave i m sorry i didn t and don t have more to give i m sorry i offered i m sorry your room was so embarassing,0
sms ac sptv the new jersey devils and the detroit red wings play ice hockey correct or incorrect end reply end sptv,1
do you know what mallika sherawat did yesterday find out now lt url gt,0
congrats NUMBER year special cinema pass for NUMBER is yours call NUMBER now c suprman v matrix NUMBER starwars NUMBER etc all NUMBER free bx NUMBER ip NUMBER NUMBER we NUMBER pm dont miss out,1
sorry i ll call later in meeting,0
tell where you reached,0
yes gauti and sehwag out of odi series,0
your gonna have to pick up a NUMBER burger for yourself on your way home i can t even move pain is killing me,0
ha ha ha good joke girls are situation seekers,0
its a part of checking iq,0
sorry my roommates took forever it ok if i come by now,0
ok lar i double check wif da hair dresser already he said wun cut v short he said will cut until i look nice,0
as a valued customer i am pleased to advise you that following recent review of your mob no you are awarded with a NUMBER bonus prize call NUMBER,1
today is song dedicated day which song will u dedicate for me send this to all ur valuable frnds but first rply me,0
urgent ur awarded a complimentary trip to eurodisinc trav aco entry NUMBER or NUMBER to claim txt dis to NUMBER NUMBER NUMBER NUMBER NUMBER morefrmmob shracomorsglsuplt NUMBER ls NUMBER NUMBER aj,1
did you hear about the new divorce barbie it comes with all of ken s stuff,1
i plane to give on this month end,0
wah lucky man then can save money hee,0
finished class where are you,0
hi babe im at home now wanna do something xx,0
k k where are you how did you performed,0
u can call me now,0
i am waiting machan call me once you free,0
thats cool i am a gentleman and will treat you with dignity and respect,0
i like you peoples very much but am very shy pa,0
does not operate after lt gt or what,0
its not the same here still looking for a job how much do ta s earn there,0
sorry i ll call later,0
k did you call me just now ah,0
ok i am on the way to home hi hi,0
you will be in the place of that man,0
yup next stop,0
i call you later don t have network if urgnt sms me,0
for real when u getting on yo i only need NUMBER more tickets and one more jacket and i m done i already used all my multis,0
yes i started to send requests to make it but pain came back so i m back in bed double coins at the factory too i gotta cash in all my nitros,0
i m really not up to it still tonight babe,0
ela kano il download come wen ur free,0
yeah do don t stand to close tho you ll catch something,0
sorry to be a pain is it ok if we meet another night i spent late afternoon in casualty and that means i haven t done any of y stuff NUMBER moro and that includes all my time sheets and that sorry,0
smile in pleasure smile in pain smile when trouble pours like rain smile when sum NUMBER hurts u smile becoz someone still loves to see u smiling,0
please call our customer service representative on NUMBER NUMBER NUMBER between NUMBER am NUMBER pm as you have won a guaranteed NUMBER cash or NUMBER prize,1
havent planning to buy later i check already lido only got NUMBER show in e afternoon u finish work already,0
your free ringtone is waiting to be collected simply text the password mix to NUMBER to verify get usher and britney fml po box NUMBER mk NUMBER NUMBER h NUMBER ppw NUMBER,1
watching telugu movie wat abt u,0
i see when we finish we have loads of loans to pay,0
hi wk been ok on hols now yes on for a bit of a run forgot that i have hairdressers appointment at four so need to get home n shower beforehand does that cause prob for u,0
i see a cup of coffee animation,0
please don t text me anymore i have nothing else to say,0
okay name ur price as long as its legal wen can i pick them up y u ave x ams xx,0
i m still looking for a car to buy and have not gone NUMBER the driving test yet,0
as per your request melle melle oru minnaminunginte nurungu vettam has been set as your callertune for all callers press NUMBER to copy your friends callertune,0
wow you re right i didn t mean to do that i guess once i gave up on boston men and changed my search location to nyc something changed cuz on my signin page it still says boston,0
umma my life and vava umma love you lot dear,0
thanks a lot for your wishes on my birthday thanks you for making my birthday truly memorable,0
aight i ll hit you up when i get some cash,0
how would my ip address test that considering my computer isn t a minecraft server,0
i know grumpy old people my mom was like you better not be lying then again i am always the one to play jokes,0
dont worry i guess he s busy,0
what is the plural of the noun research,0
going for dinner msg you after,0
i m ok wif it cos i like NUMBER try new things but i scared u dun like mah cos u said not too loud,0
gent we are trying to contact you last weekends draw shows that you won a NUMBER prize guaranteed call NUMBER claim code k NUMBER valid NUMBER hrs only NUMBER ppm,1
wa ur openin sentence very formal anyway i m fine too juz tt i m eatin too much n puttin on weight haha so anythin special happened,0
as i entered my cabin my pa said happy b day boss i felt special she askd me NUMBER lunch after lunch she invited me to her apartment we went there,0
you are a winner u have been specially selected NUMBER receive NUMBER or a NUMBER holiday flights inc speak to a live operator NUMBER claim NUMBER p min NUMBER,1
goodo yes we must speak friday egg potato ratio for tortilla needed,0
hmm my uncle just informed me that he s paying the school directly so pls buy food,0
private your NUMBER account statement for NUMBER shows NUMBER unredeemed bonus points to claim call NUMBER identifier code NUMBER expires,1
urgent your mobile no was awarded NUMBER bonus caller prize on NUMBER NUMBER NUMBER this is our final try to contact u call from landline NUMBER box NUMBER wr NUMBER c NUMBER ppm,1
here is my new address apples pairs all that malarky,0
todays voda numbers ending NUMBER are selected to receive a NUMBER award if you have a match please call NUMBER quoting claim code NUMBER standard rates app,1
i am going to sao mu today will be done only at NUMBER,0
predict wat time ll finish buying,0
good stuff will do,0
just so that you know yetunde hasn t sent money yet i just sent her a text not to bother sending so its over you dont have to involve yourself in anything i shouldn t have imposed anything on you in the first place so for that i apologise,0
are you there in room,0
hey girl how r u hope u r well me an del r bak again long time no c give me a call sum time from lucyxx,0
k k how much does it cost,0
i m home,0
dear will call tmorrow pls accomodate,0
first answer my question,0
sunshine quiz wkly q win a top sony dvd player if u know which country the algarve is in txt ansr to NUMBER NUMBER NUMBER sp tyrone,1
want NUMBER get laid tonight want real dogging locations sent direct NUMBER ur mob join the uk s largest dogging network bt txting gravel to NUMBER nt ec NUMBER a NUMBER p msg NUMBER p,1
i only haf msn it s yijue hotmail com,0
he is there you call and meet him,0
no no i will check all rooms befor activities,0
you ll not rcv any more msgs from the chat svc for free hardcore services text go to NUMBER if u get nothing u must age verify with yr network try again,1
got c i lazy to type i forgot in lect i saw a pouch but like not v nice,0
k text me when you re on the way,0
sir waiting for your mail,0
a swt thought nver get tired of doing little things NUMBER lovable persons coz somtimes those little things occupy d biggest part in their hearts gud ni NUMBER,0
i know you are can you pls open the back,0
yes see ya not on the dot,0
whats the staff name who is taking class for us,0
freemsg why haven t you replied to my text i m randy sexy female and live local luv to hear from u netcollex ltd NUMBER p per msg reply stop to end,1
ummma will call after check in our life will begin from qatar so pls pray very hard,0
k i deleted my contact that why,0
sindu got job in birla soft,0
the wine is flowing and i m i have nevering,0
yup i thk cine is better cos no need NUMBER go down NUMBER plaza mah,0
ok ur typical reply,0
as per your request melle melle oru minnaminunginte nurungu vettam has been set as your callertune for all callers press NUMBER to copy your friends callertune,0
you are everywhere dirt on the floor the windows even on my shirt and sometimes when i open my mouth you are all that comes flowing out i dream of my world without you then half my chores are out too a time of joy for me lots of tv shows i ll see but i guess like all things you just must exist like rain hail and mist and when my time here is done you and i become one,0
aaooooright are you at work,0
i m leaving my house now,0
hello my love what are you doing did you get to that interview today are you you happy are you being a good boy do you think of me are you missing me,0
customer service annoncement you have a new years delivery waiting for you please call NUMBER now to arrange delivery,1
you are a winner u have been specially selected NUMBER receive NUMBER cash or a NUMBER holiday flights inc speak to a live operator NUMBER claim NUMBER,1
keep yourself safe for me because i need you and i miss you already and i envy everyone that see s you in real life,0
new car and house for my parents i have only new job in hand,0
i m so in love with you i m excited each day i spend with you you make me so happy,0
pls stop bootydelious NUMBER f is inviting you to be her friend reply yes NUMBER or no NUMBER see her URL stop send stop frnd to NUMBER,1
bangbabes ur order is on the way u should receive a service msg NUMBER download ur content if u do not goto wap bangb tv on ur mobile internet service menu,1
i place all ur points on e cultures module already,0
urgent we are trying to contact you last weekends draw shows that you have won a NUMBER prize guaranteed call NUMBER claim code s NUMBER valid NUMBER hrs only,1
hi frnd which is best way to avoid missunderstding wit our beloved one s,0
great escape i fancy the bridge but needs her lager see you tomo,0
yes it completely in out of form clark also utter waste,0
sir i need axis bank account no and bank address,0
hmmm thk sure got time to hop ard ya can go NUMBER free abt muz call u to discuss liao,0
what time you coming down later,0
bloody hell cant believe you forgot my surname mr ill give u a clue its spanish and begins with m,0
well i m gonna finish my bath now have a good fine night,0
let me know when you ve got the money so carlos can make the call,0
u still going to the mall,0
turns out my friends are staying for the whole show and won t be back til lt gt so feel free to go ahead and smoke that lt gt worth,0
text her if she doesnt reply let me know so i can have her log in,0
hi you just spoke to maneesha v we d like to know if you were satisfied with the experience reply toll free with yes or no,0
you lifted my hopes with the offer of money i am in need especially when the end of the month approaches and it hurts my studying anyways have a gr NUMBER weekend,0
lol no u can trust me,0
ok i am a gentleman and will treat you with dignity and respect,0
he will you guys close,0
going on nothing great bye,0
hello handsome are you finding that job not being lazy working towards getting back that net for mummy where s my boytoy now does he miss me,0
haha awesome be there in a minute,0
please call our customer service representative on freephone NUMBER NUMBER NUMBER between NUMBER am NUMBER pm as you have won a guaranteed NUMBER cash or NUMBER prize,1
have you got xmas radio times if not i will get it now,0
i jus reached home i go bathe first but my sis using net tell u when she finishes k,0
are you unique enough find out from NUMBER th august URL,1
i m sorry i ve joined the league of people that dont keep in touch you mean a great deal to me you have been a friend at all times even at great personal cost do have a great week,0
hi finally i completed the course,0
it will stop on itself i however suggest she stays with someone that will be able to give ors for every stool,0
how are you doing hope you ve settled in for the new school year just wishin you a gr NUMBER day,0
gud mrng dear hav a nice day,0
did u got that persons story,0
is your hamster dead hey so tmr i meet you at NUMBER pm orchard mrt,0
hi its kate how is your evening i hope i can see you tomorrow for a bit but i have to bloody babyjontet txt back if u can xxx,0
found it enc lt gt where you at,0
i sent you lt gt bucks,0
hello darlin ive finished college now so txt me when u finish if u can love kate xxx,0
your account has been refilled successfully by inr lt decimal gt your keralacircle prepaid account balance is rs lt decimal gt your transaction id is kr lt gt,0
goodmorning sleeping ga,0
u call me alter at NUMBER ok,0
say until like dat i dun buy ericsson oso cannot oredi lar,0
as i entered my cabin my pa said happy b day boss i felt special she askd me NUMBER lunch after lunch she invited me to her apartment we went there,0
aight yo dats straight dogg,0
you please give us connection today itself before lt decimal gt or refund the bill,0
both i shoot big loads so get ready,0
what s up bruv hope you had a great break do have a rewarding semester,0
home so we can always chat,0
k k good study well,0
yup how noe leh,0
sounds great are you home now,0
finally the match heading towards draw as your prediction,0
tired i haven t slept well the past few nights,0
easy ah sen got selected means its good,0
i have to take exam with march NUMBER,0
yeah you should i think you can use your gt atm now to register not sure but if there s anyway i can help let me know but when you do be sure you are ready,0
ok no prob take ur time,0
there is os called ubandu which will run without installing in hard disk you can use that os to copy the important files in system and give it to repair shop,0
sorry i ll call later,0
u say leh of course nothing happen lar not say v romantic jus a bit only lor i thk e nite scenery not so nice leh,0
NUMBER new mobiles from NUMBER must go txt nokia to no NUMBER collect yours today from only NUMBER URL NUMBER optout NUMBER NUMBER gbp mtmsg NUMBER,1
would really appreciate if you call me just need someone to talk to,0
will u meet ur dream partner soon is ur career off NUMBER a flyng start NUMBER find out free txt horo followed by ur star sign e g horo aries,1
hey company elama po mudyadhu,0
life is more strict than teacher bcoz teacher teaches lesson amp then conducts exam but life first conducts exam amp then teaches lessons happy morning,0
dear good morning now only i am up,0
get down in gandhipuram and walk to cross cut road right side lt gt street road and turn at first right,0
dear we are going to our rubber place,0
sorry battery died yeah i m here,0
yes here tv is always available in work place,0
text meet someone sexy today u can find a date or even flirt its up to u join NUMBER just NUMBER p reply with name age eg sam NUMBER NUMBER msg recd thirtyeight pence,1
i have printed it oh so lt gt come upstairs,0
or ill be a little closer like at the bus stop on the same street,0
where are you when wil you reach here,0
new theory argument wins d situation but loses the person so dont argue with ur friends just kick them amp say i m always correct,0
u NUMBER have a secret admirer who is looking NUMBER make contact with u find out who they r reveal who thinks ur so special call on NUMBER,1
tomarrow final hearing on my laptop case so i cant,0
pleassssssseeeeee tel me v avent done sportsx,0
okay no no just shining on that was meant to be signing but that sounds better,0
although i told u dat i m into baig face watches now but i really like e watch u gave cos it s fr u thanx NUMBER everything dat u ve done today i m touched,0
u don t remember that old commercial,0
too late i said i have the website i didn t i have or dont have the slippers,0
i asked you to call him now ok,0
kallis wont bat in NUMBER nd innings,0
it didnt work again oh ok goodnight then i ll fix and have it ready by the time you wake up you are very dearly missed have a good night sleep,0
congratulations ur awarded NUMBER of cd vouchers or NUMBER gift guaranteed free entry NUMBER NUMBER wkly draw txt music to NUMBER tncs URL,1
ranjith cal drpd deeraj and deepak NUMBER min hold,0
wen ur lovable bcums angry wid u dnt take it seriously coz being angry is d most childish n true way of showing deep affection care n luv kettoda manda have nice day da,0
what you doing how are you,0
ups which is NUMBER days also and the shipping company that takes NUMBER wks the other way is usps which takes a week but when it gets to lag you may have to bribe nipost to get your stuff,0
i m back lemme know when you re ready,0
don t necessarily expect it to be done before you get back though because i m just now headin out,0
mmm so yummy babe nice jolt to the suzy,0
where are you lover i need you,0
we tried to contact you re your reply to our offer of a video handset NUMBER anytime networks mins unlimited text camcorder reply or call NUMBER now,1
i m parked next to a mini when are you coming in today do you think,0
yup,0
anyway i m going shopping on my own now cos my sis not done yet dun disturb u liao,0
my no in luton NUMBER ring me if ur around h,0
hey i am really horny want to chat or see me naked text hot to NUMBER text charged at NUMBER pm to unsubscribe text stop NUMBER,1
why you dint come with us,0
same wana plan a trip sometme then,0
not sure yet still trying to get a hold of him,0
ur ringtone service has changed NUMBER free credits go to club NUMBER mobiles com to choose content now stop txt club stop to NUMBER NUMBER p wk club NUMBER po box NUMBER mk NUMBER NUMBER wt,1
the evo i just had to download flash jealous,0
ringtone club get the uk singles chart on your mobile each week and choose any top quality ringtone this message is free of charge,1
come to mu we re sorting out our narcotics situation,0
night has ended for another day morning has come in a special way may you smile like the sunny rays and leaves your worries at the blue blue bay,0
hmv bonus special NUMBER pounds of genuine hmv vouchers to be won just answer NUMBER easy questions play now send hmv to NUMBER more info URL,1
usf i guess might as well take NUMBER car,0
no objection my bf not coming,0
thanx,0
tell rob to mack his gf in the theater,0
awesome i ll see you in a bit,0
just sent it so what type of food do you like,0
all done all handed in celebrations in full swing yet,0
you got called a tool,0
wen u miss someone the person is definitely special for u but if the person is so special why to miss them just keep in touch gdeve,0
ok i asked for money how far,0
okie,0
yeah i think my usual guy s still passed out from last night if you get ahold of anybody let me know and i ll throw down,0
k i might come by tonight then if my class lets out early,0
ok,0
hi baby im cruisin with my girl friend what r u up NUMBER give me a call in and hour at home if thats alright or fone me on this fone now love jenny xxx,0
my life means a lot to me not because i love my life but because i love the people in my life the world calls them friends i call them my world ge,0
dear shall mail tonite busy in the street shall update you tonite things are looking ok varunnathu edukkukayee raksha ollu but a good one in real sense,0
hey you told your name to gautham ah,0
haf u found him i feel so stupid da v cam was working,0
oops NUMBER got that bit,0
are you this much buzy,0
i accidentally deleted the message resend please,0
t mobile customer you may now claim your free camera phone upgrade a pay go sim card for your loyalty call on NUMBER NUMBER NUMBER offer ends NUMBER thfeb t c s apply,1
unless it s a situation where you go gurl would be more appropriate,0
hurt me tease me make me cry but in the end of my life when i die plz keep one rose on my grave and say stupid i miss u have a nice day bslvyl,0
i cant pick the phone right now pls send a message,0
need a coffee run tomo can t believe it s that time of week already,0
awesome i remember the last time we got somebody high for the first time with diesel v,0
shit that is really shocking and scary cant imagine for a second def up for night out do u think there is somewhere i could crash for night save on taxi,0
oh and by the way you do have more food in your fridge want to go out for a meal tonight,0
he is a womdarfull actor,0
sms ac blind date NUMBER u rodds NUMBER is NUMBER m from aberdeen united kingdom check him out URL sms ac w icmb NUMBER cktz NUMBER r NUMBER NUMBER no blind dates send hide,1
yup from what i remb i think should be can book,0
jos ask if u wana meet up,0
lol yes our friendship is hanging on a thread cause u won t buy stuff,0
themob check out our newest selection of content games tones gossip babes and sport keep your mobile fit and funky text wap to NUMBER,1
where are the garage keys they aren t on the bookshelf,0
today is accept day u accept me as brother sister lover dear NUMBER best NUMBER clos NUMBER lvblefrnd jstfrnd cutefrnd lifpartnr belovd swtheart bstfrnd no rply means enemy,0
think ur smart win NUMBER this week in our weekly quiz text play to NUMBER now t cs winnersclub po box NUMBER m NUMBER NUMBER uz NUMBER gbp NUMBER NUMBER week,1
he says he ll give me a call when his friend s got the money but that he s definitely buying before the end of the week,0
hi the way i was with u NUMBER day is the normal way this is the real me ur unique i hope i know u NUMBER the rest of mylife hope u find wot was lost,0
you made my day do have a great day too,0
k k advance happy pongal,0
hmmm guess we can go NUMBER kb n power yoga haha dunno we can tahan power yoga anot thk got lo oso forgot liao,0
not really dude have no friends i m afraid,0
december only had your mobile NUMBER mths you are entitled to update to the latest colour camera mobile for free call the mobile update co free on NUMBER,1
coffee cake i guess,0
merry christmas to you too babe i love ya kisses,0
hey why dont we just go watch x men and have lunch haha,0
cud u tell ppl im gona b a bit l NUMBER cos NUMBER buses hav gon past cos they were full im still waitin NUMBER NUMBER pete x,0
that would be great we ll be at the guild could meet on bristol road or somewhere will get in touch over weekend our plans take flight have a good week,0
no problem how are you doing,0
no calls messages missed calls,0
hi da how is the todays class,0
i d say that s a good sign but well you know my track record at reading women,0
cool text me when you re parked,0
i m reading the text i just sent you its meant to be a joke so read it in that light,0
k k apo k good movie,0
maybe i could get book out tomo then return it immediately or something,0
call germany for only NUMBER pence per minute call from a fixed line via access number NUMBER NUMBER NUMBER NUMBER no prepayment direct access,1
any chance you might have had with me evaporated as soon as you violated my privacy by stealing my phone number from your employer s paperwork not cool at all please do not contact me again or i will report you to your supervisor,0
valentines day special win over NUMBER in our quiz and take your partner on the trip of a lifetime send go to NUMBER now NUMBER p msg rcvd custcare NUMBER,1
ta daaaaa i am home babe are you still up,0
cool so how come you havent been wined and dined before,0
just sleeping and surfing,0
sorry i ll call later,0
u calling me right call my hand phone,0
ok that s great thanx a lot,0
i take it the post has come then you must have NUMBER s of texts now happy reading my one from wiv hello caroline at the end is my favourite bless him,0
where u been hiding stranger,0
am not interested to do like that,0
my sister cleared two round in birla soft yesterday,0
gudnite tc practice going on,0
dis is yijue i jus saw ur mail in case huiming havent sent u my num dis is my num,0
one small prestige problem now,0
fancy a shag i do interested sextextuk com txt xxuk suzy to NUMBER txts cost NUMBER NUMBER per msg tncs on website x,1
just checking in on you really do miss seeing jeremiah do have a great month,0
nah can t help you there i ve never had an iphone,0
if you re not in my car in an hour and a half i m going apeshit,0
today is sorry day if ever i was angry with you if ever i misbehaved or hurt you plz plz just slap urself bcoz its ur fault i m basically good,0
yo you guys ever figure out how much we need for alcohol jay and i are trying to figure out how much we can safely spend on weed,0
lt gt ish minutes was NUMBER minutes ago wtf,0
thank you for calling forgot to say happy onam to you sirji i am fine here and remembered you when i met an insurance person meet you in qatar insha allah rakhesh ex tata aig who joined tissco tayseer,0
congratulations ur awarded NUMBER of cd vouchers or NUMBER gift guaranteed free entry NUMBER NUMBER wkly draw txt music to NUMBER tncs URL,1
ur cash balance is currently NUMBER pounds to maximize ur cash in now send cash to NUMBER only NUMBER p msg cc NUMBER hg suite NUMBER NUMBER lands row w NUMBER j NUMBER hl,1
i m an actor when i work i work in the evening and sleep late since i m unemployed at the moment i always sleep late when you re unemployed every day is saturday,0
hello just got here st andrews boy its a long way its cold i will keep you posted,0
ha ha cool cool chikku chikku db,0
oh ok no prob,0
check audrey s status right now,0
busy here trying to finish for new year i am looking forward to finally meeting you,0
good afternoon sunshine how dawns that day are we refreshed and happy to be alive do we breathe in the air and smile i think of you my love as always,0
well i know z will take care of me so no worries,0
update now xmas offer latest motorola sonyericsson nokia free bluetooth double mins NUMBER txt on orange call mobileupd NUMBER on NUMBER or call NUMBER optout f NUMBER q,1
here is your discount code rp NUMBER to stop further messages reply stop URL customer services NUMBER,1
wat uniform in where get,0
cool text me when you re ready,0
hello my boytoy geeee i miss you already and i just woke up i wish you were here in bed with me cuddling me i love you,0
i will spoil you in bed as well,0
i m going for bath will msg you next lt gt min,0
i cant keep talking to people if am not sure i can pay them if they agree to price so pls tell me what you want to really buy and how much you are willing to pay,0
thanks for your ringtone order reference t NUMBER you will be charged gbp NUMBER per week you can unsubscribe at anytime by calling customer services on NUMBER,1
can you say what happen,0
you could have seen me i did t recognise you face,0
well there s not a lot of things happening in lindsay on new years sighs some bars in ptbo and the blue heron has something going,0
keep my payasam there if rinu brings,0
i taught that ranjith sir called me so only i sms like that becaus hes verifying about project prabu told today so only pa dont mistake me,0
i guess that s why you re worried you must know that there s a way the body repairs itself and i m quite sure you shouldn t worry we ll take it slow first the tests they will guide when your ovulation is then just relax nothing you ve said is a reason to worry but i ll keep on followin you up,0
yeah sure give me a couple minutes to track down my wallet,0
hey leave it not a big deal take care,0
hey i will be late ah meet you at NUMBER,0
double mins and txts NUMBER NUMBER months free bluetooth on orange available on sony nokia motorola phones call mobileupd NUMBER on NUMBER or call NUMBER optout n NUMBER dx,1
it took mr owl NUMBER licks,0
customer place i will call you,0
mm that time you dont like fun,0
NUMBER mths half price orange line rental latest camera phones NUMBER free had your phone NUMBER mths call mobilesdirect free on NUMBER to update now or NUMBER stoptxt,1
yup having my lunch buffet now u eat already,0
huh so late fr dinner,0
hey so this sat are we going for the intro pilates only or the kickboxing too,0
morning only i can ok,0
yes i think so i am in office but my lap is in room i think thats on for the last few days i didnt shut that down,0
pick you up bout NUMBER NUMBER ish what time are and that going,0
from here after the performance award is calculated every two month not for current one month period,0
was actually sleeping and still might when u call back so a text is gr NUMBER you rock sis will send u a text wen i wake,0
you are always putting your business out there you put pictures of your ass on facebook you are one of the most open people i ve ever met why would i think a picture of your room would hurt you make you feel violated,0
good evening sir al salam wahleykkum sharing a happy news by the grace of god i got an offer from tayseer tissco and i joined hope you are fine inshah allah meet you sometime rakhesh visitor from india,0
hmmm k but i want to change the field quickly da i wanna get system administrator or network administrator,0
free ringtone text first to NUMBER for a poly or text get to NUMBER for a true tone help NUMBER NUMBER NUMBER after NUMBER st free tones are NUMBER x NUMBER pw to e nd txt stop,1
dear how is chechi did you talk to her,0
the hair cream has not been shipped,0
none of that s happening til you get here though,0
yep the great loxahatchee xmas tree burning of lt gt starts in an hour,0
haha get used to driving to usf man i know a lot of stoners,0
all was well until slightly disastrous class this pm with my fav darlings hope day off ok coffee wld be good as can t stay late tomorrow same time place as always,0
hello good week fancy a drink or something later,0
headin towards busetop,0
message some text missing sender name missing number missing sent date missing missing u a lot thats y everything is missing sent via fullonsms com,0
come by our room at some point so we can iron out the plan for this weekend,0
cos i want it to be your thing,0
okies i ll go yan jiu too we can skip ard oso go cine den go mrt one blah blah blah,0
bring home some wendy d,0
NUMBER dating service cal l NUMBER box NUMBER sk NUMBER ch,1
whatsup there dont u want to sleep,0
alright i have a new goal now,0
free entry into our NUMBER weekly competition just text the word win to NUMBER now NUMBER t c URL,1
alright i ll head out in a few minutes text me where to meet you,0
send a logo NUMBER ur lover NUMBER names joined by a heart txt love name NUMBER name NUMBER mobno eg love adam eve NUMBER to NUMBER yahoo pobox NUMBER w NUMBER wq txtno NUMBER no ads NUMBER p,1
yes from last week itself i m taking live call,0
someone has contacted our dating service and entered your phone because they fancy you to find out who it is call from a landline NUMBER pobox NUMBER n NUMBER tf NUMBER p,1
siva is in hostel aha,0
urgent your mobile number has been awarded with a NUMBER prize guaranteed call NUMBER from land line claim NUMBER valid NUMBER hrs only,1
send this to ur friends and receive something about ur voice how is my speaking expression NUMBER childish NUMBER naughty NUMBER sentiment NUMBER rowdy NUMBER ful of attitude NUMBER romantic NUMBER shy NUMBER attractive NUMBER funny lt gt irritating lt gt lovable reply me,0
ok she ll be ok i guess,0
aathi where are you dear,0
any pain on urination any thing else,0
NUMBER at esplanade do mind giving me a lift cos i got no car today,0
i wnt to buy a bmw car urgently its vry urgent but hv a shortage of lt gt lacs there is no source to arng dis amt lt gt lacs thats my prob,0
at home watching tv lor,0
does she usually take fifteen fucking minutes to respond to a yes or no question,0
congrats nokia NUMBER video camera phone is your call NUMBER calls cost NUMBER ppm ave call NUMBER mins vary from mobiles NUMBER close NUMBER post bcm NUMBER ldn wc NUMBER n NUMBER xx,1
booked ticket for pongal,0
you available now i m like right around hillsborough amp lt gt th,0
the message sent is askin for lt gt dollars shoul i pay lt gt or lt gt,0
ask g or iouri i ve told the story like ten times already,0
how long does applebees fucking take,0
hi hope u get this txt journey hasnt been gd now about NUMBER mins late i think,0
but i have to i like to have love and arrange,0
yes he is really great bhaji told kallis best cricketer after sachin in world very tough to get out,0
you were supposed to wake me up gt,0
oic i saw him too but i tot he din c me i found a group liao,0
sorry i ll call later,0
hey hey werethe monkeespeople say we monkeyaround howdy gorgeous howu doin foundurself a jobyet sausage love jen xxx,0
sorry my battery died i can come by but i m only getting a gram for now where s your place,0
well done blimey exercise yeah i kinda remember wot that is hmm,0
i wont get concentration dear you know you are my mind and everything,0
lol have you made plans for new years,0
NUMBER min later k,0
hanks lotsly,0
thanks for this hope you had a good day today,0
k k what are detail you want to transfer acc no enough,0
ok i will tell her to stay out yeah its been tough but we are optimistic things will improve this month,0
loan for any purpose NUMBER NUMBER NUMBER homeowners tenants welcome have you been previously refused we can still help call free NUMBER NUMBER or text back help,1
si si i think ill go make those oreo truffles,0
look at amy ure a beautiful intelligent woman and i like u a lot i know u don t like me like that so don t worry,0
i hope you that s the result of being consistently intelligent and kind start asking him about practicum links and keep your ears open and all the best ttyl,0
NUMBER NUMBER that call cost which i guess isnt bad miss ya need ya want ya love ya,0
going thru a very different feeling wavering decisions and coping up with the same is the same individual time will heal everything i believe,0
where did u go my phone is gonna die you have to stay in here,0
great never been better each day gives even more reasons to thank god,0
upgrdcentre orange customer you may now claim your free camera phone upgrade for your loyalty call now on NUMBER NUMBER NUMBER offer ends NUMBER th july t c s apply opt out available,1
sorry i ll call later ok bye,0
ok i am on the way to railway,0
great princess i love giving and receiving oral doggy style is my fave position how about you i enjoy making love lt gt times per night,0
they don t put that stuff on the roads to keep it from getting slippery over there,0
when are you going to ride your bike,0
yup no need i ll jus wait NUMBER e rain NUMBER stop,0
there are many company tell me the language,0
okmail dear dave this is your final notice to collect your NUMBER tenerife holiday or NUMBER cash award call NUMBER from landline tcs sae box NUMBER cw NUMBER wx NUMBER ppm,1
how long has it been since you screamed princess,0
nothing i meant that once the money enters your account here the bank will remove its flat rate someone transfered lt gt to my account and lt gt dollars got removed so the banks differ and charges also differ be sure you trust the NUMBER ja person you are sending account details to cos,0
want NUMBER get laid tonight want real dogging locations sent direct NUMBER ur mob join the uk s largest dogging network by txting moan to NUMBER nyt ec NUMBER a NUMBER p msg NUMBER p,1
nice line said by a broken heart plz don t cum NUMBER more times infront of me other wise once again i ll trust u good NUMBER t,0
ok i m gonna head up to usf in like fifteen minutes,0
love you aathi love u lot,0
tension ah what machi any problem,0
k can i pick up another NUMBER th when you re done,0
when re you guys getting back g said you were thinking about not staying for mcr,0
almost there see u in a sec,0
yo carlos a few friends are already asking me about you you working at all this weekend,0
watching tv lor,0
thank you baby i cant wait to taste the real thing,0
you should change your fb to jaykwon thuglyfe falconerf,0
if we win its really no NUMBER side for long time,0
free message activate your NUMBER free text messages by replying to this message with the word free for terms conditions visit URL,1
dear reached railway what happen to you,0
depends on quality if you want the type i sent boye faded glory then about NUMBER if you want ralphs maybe NUMBER,0
i think i ve fixed it can you send a test message,0
sorry man my account s dry or i would if you want we could trade back half or i could buy some shit with my credit card,0
congrats NUMBER year special cinema pass for NUMBER is yours call NUMBER now c suprman v matrix NUMBER starwars NUMBER etc all NUMBER free bx NUMBER ip NUMBER NUMBER we NUMBER pm dont miss out,1
sorry in meeting i ll call later,0
what class of lt gt reunion,0
are you free now can i call now,0
got meh when,0
nope think i will go for it on monday sorry i replied so late,0
some of them told accenture is not confirm is it true,0
kate jackson rec center before NUMBER ish right,0
dear i have reache room,0
fighting with the world is easy u either win or lose bt fightng with some NUMBER who is close to u is dificult if u lose u lose if u win u still lose,0
when can come out,0
check with nuerologist,0
lolnice i went from a fish to water,0
NUMBER congratulations in this week s competition draw u have won the NUMBER prize to claim just call NUMBER b NUMBER t cs stop sms NUMBER over NUMBER only NUMBER ppm,1
no it s waiting in e car dat s bored wat cos wait outside got nothing NUMBER do at home can do my stuff or watch tv wat,0
maybe westshore or hyde park village the place near my house,0
you should know now so how s anthony are you bringing money i ve school fees to pay and rent and stuff like that thats why i need your help a friend in need,0
what s the significance,0
your opinion about me NUMBER over NUMBER jada NUMBER kusruthi NUMBER lovable NUMBER silent NUMBER spl character NUMBER not matured NUMBER stylish NUMBER simple pls reply,0
NUMBER at the latest g s still there if you can scrounge up some ammo and want to give the new ak a try,0
prabha i m soryda realy frm heart i m sory,0
lol ok your forgiven,0
no jst change tat only,0
you are guaranteed the latest nokia phone a NUMBER gb ipod mp NUMBER player or a NUMBER prize txt word collect to no NUMBER ibhltd ldnw NUMBER h NUMBER p mtmsgrcvd NUMBER,1
s no competition for him,0
boltblue tones for NUMBER p reply poly or mono eg poly NUMBER NUMBER cha cha slide NUMBER yeah NUMBER slow jamz NUMBER toxic NUMBER come with me or stop NUMBER more tones txt more,1
your credits have been topped up for URL your renewal pin is tgxxrz,1
that way transport is less problematic than on sat night by the way if u want to ask n to join my bday feel free but need to know definite nos as booking on fri,0
usually the person is unconscious that s in children but in adults they may just behave abnormally i ll call you now,0
but that s on ebay it might be less elsewhere,0
shall i come to get pickle,0
were gonna go get some tacos,0
that s very rude you on campus,0
urgent your mobile no was awarded a NUMBER NUMBER bonus caller prize on NUMBER NUMBER NUMBER this is our NUMBER nd attempt to contact you call NUMBER NUMBER NUMBER box NUMBER qu,1
hi i won t b ard NUMBER christmas but do enjoy n merry x mas,0
today s offer claim ur NUMBER worth of discount vouchers text yes to NUMBER now savamob member offers mobile t cs NUMBER NUMBER NUMBER sub NUMBER unsub reply x,1
yes how is a pretty lady like you single,0
you will recieve your tone within the next NUMBER hrs for terms and conditions please see channel u teletext pg NUMBER,1
jay says that you re a double faggot,0
private your NUMBER account statement for NUMBER shows NUMBER un redeemed s i m points call NUMBER identifier code NUMBER expires NUMBER NUMBER NUMBER,1
what today sunday sunday is holiday so no work,0
gudnite tc practice going on,0
i ll be late,0
i ve not called you in a while this is hoping it was l NUMBER r malaria and that you know that we miss you guys i miss bani big so pls give her my love especially have a great day,0
good afternoon my love how goes that day i hope maybe you got some leads on a job i think of you boytoy and send you a passionate kiss from across the sea,0
probably gonna be here for a while see you later tonight lt,0
or maybe my fat fingers just press all these buttons and it doesn t know what to do,0
ummmmmaah many many happy returns of d day my dear sweet heart happy birthday dear,0
i am in tirupur da once you started from office call me,0
from URL monthlysubscription NUMBER p msg max NUMBER month t csc web age NUMBER NUMBER stop txt stop,1
a famous quote when you develop the ability to listen to anything unconditionally without losing your temper or self confidence it means you are married,0
but am going to college pa what to do are else ill come there it self pa,0
NUMBER oclock at mine just to bash out a flat plan,0
this girl does not stay in bed this girl doesn t need recovery time id rather pass out while having fun then be cooped up in bed,0
then any special there,0
i know but you need to get hotel now i just got my invitation but i had to apologise cali is to sweet for me to come to some english bloke s weddin,0
sorry that took so long omw now,0
wait lt gt min,0
ok give me NUMBER minutes i think i see her btw you re my alibi you were cutting my hair the whole time,0
imagine you finally get to sink into that bath after i have put you through your paces maybe even having you eat me for a while before i left but also imagine the feel of that cage on your cock surrounded by the bath water reminding you always who owns you enjoy my cuck,0
hurry up i ve been weed deficient for like three days,0
sure if i get an acknowledgement from you that it s astoundingly tactless and generally faggy to demand a blood oath fo,0
ok every night take a warm bath drink a cup of milk and you ll see a work of magic you still need to loose weight just so that you know,0
i ll have a look at the frying pan in case it s cheap or a book perhaps no that s silly a frying pan isn t likely to be a book,0
o well uv causes mutations sunscreen is like essential thesedays,0
having lunch you are not in online why,0
i know that my friend already told that,0
hi princess thank you for the pics you are very pretty how are you,0
aiyo u always c our ex one i dunno abt mei she haven reply first time u reply so fast y so lucky not workin huh got bao by ur sugardad ah gee,0
hi msg me i m in office,0
thanx NUMBER e brownie it s v nice,0
geeeee i love you so much i can barely stand it,0
gent we are trying to contact you last weekends draw shows that you won a NUMBER prize guaranteed call NUMBER claim code k NUMBER valid NUMBER hrs only NUMBER ppm,1
fuck babe i miss you already you know can t you let me send you some money towards your net i need you i want you i crave you,0
ill call u NUMBER mrw at ninish with my address that icky american freek wont stop callin me NUMBER bad jen k eh,0
oooh bed ridden ey what are you thinking of,0
so anyways you can just go to your gym or whatever my love smiles i hope your ok and having a good day babe i miss you so much already,0
love it daddy will make you scream with pleasure i am going to slap your ass with my dick,0
wot u wanna do then missy,0
yar lor wait NUMBER my mum NUMBER finish sch then have lunch lor i whole morning stay at home clean my room now my room quite clean hee,0
do you know where my lab goggles went,0
can you open the door,0
waiting for your call,0
nope i waiting in sch NUMBER daddy,0
you have won NUMBER NUMBER cash or a NUMBER NUMBER prize to claim call NUMBER,1
i m tired of arguing with you about this week after week do what you want and from now on i ll do the same,0
wait NUMBER me in sch i finish ard NUMBER,0
our mobile number has won NUMBER to claim calls us back or ring the claims hot line on NUMBER,1
arngd marriage is while u r walkin unfortuntly a snake bites u bt love marriage is dancing in frnt of d snake amp sayin bite me bite me,0
huh so early then having dinner outside izzit,0
ok anyway no need to change with what you said,0
we tried to contact you re your reply to our offer of NUMBER mins NUMBER textand a new video phone call NUMBER now or reply for free delivery tomorrow,1
my ex wife was not able to have kids do you want kids one day,0
so how s scotland hope you are not over showing your jjc tendencies take care live the dream,0
tell them u have a headache and just want to use NUMBER hour of sick time,0
i dun thk i ll quit yet hmmm can go jazz yogasana oso can we can go meet em after our lessons den,0
pete can you please ring meive hardly gotany credit,0
ya srsly better than yi tho,0
i m in a meeting call me later at,0
for ur chance to win a NUMBER wkly shopping spree txt shop to NUMBER t s c s URL custcare NUMBER NUMBER x NUMBER p wk,1
you have been specially selected to receive a NUMBER pound award call NUMBER before the lines close cost NUMBER ppm NUMBER t cs apply ag promo,1
private your NUMBER account statement for NUMBER shows NUMBER un redeemed s i m points call NUMBER identifier code NUMBER expires NUMBER NUMBER NUMBER,1
you still at grand prix,0
i met you as a stranger and choose you as my friend as long as the world stands our friendship never ends lets be friends forever gud nitz,0
i am great how are you,0
gud mrng dear have a nice day,0
you have an important customer service announcement call freephone NUMBER NUMBER NUMBER now,1
will do was exhausted on train this morning too much wine and pie you sleep well too,0
i m going out to buy mum s present ar,0
mind blastin no more tsunamis will occur from now on rajnikant stopped swimming in indian ocean d,0
if u sending her home first it s ok lor i m not ready yet,0
speaking of does he have any cash yet,0
be happy there i will come after noon,0
meet after lunch la,0
take care n get well soon,0
xclusive clubsaisai NUMBER morow NUMBER NUMBER soiree speciale zouk with nichols from paris free roses NUMBER all ladies info NUMBER NUMBER,1
what i meant to say is cant wait to see u again getting bored of this bridgwater banter,0
neva mind it s ok,0
it s fine imma get a drink or somethin want me to come find you,0
NUMBER days to kick off for euro NUMBER u will be kept up to date with the latest news and results daily to be removed send get txt stop to NUMBER,1
its a valentine game send dis msg to all ur friends if NUMBER answers r d same then someone really loves u ques which colour suits me the best rply me,0
i have many dependents,0
thanx NUMBER today cer it was nice NUMBER catch up but we ave NUMBER find more time more often oh well take care c u soon c,0
i called and said all to him then he have to choose this future,0
happy valentines day i know its early but i have hundreds of handsomes and beauties to wish so i thought to finish off aunties and uncles NUMBER st,0
he like not v shock leh cos telling shuhui is like telling leona also like dat almost all know liao he got ask me abt ur reaction lor,0
for my family happiness,0
i come n pick up come out immediately aft ur lesson,0
let there be snow let there be snow this kind of weather brings ppl together so friendships can grow,0
dear we got lt gt dollars hi hi,0
good words but words may leave u in dismay many times,0
make sure alex knows his birthday is over in fifteen minutes as far as you re concerned,0
sorry no have got few things to do may be in pub later,0
nah it s straight if you can just bring bud or drinks or something that s actually a little more useful than straight cash,0
haha good to hear i m officially paid and on the market for an NUMBER th,0
how many licks does it take to get to the center of a tootsie pop,0
yup i thk they r e teacher said that will make my face look longer darren ask me not NUMBER cut too short,0
new textbuddy chat NUMBER horny guys in ur area NUMBER just NUMBER p free NUMBER receive search postcode or at gaytextbuddy com txt one name to NUMBER,1
todays vodafone numbers ending with NUMBER are selected to a receive a NUMBER award if your number matches call NUMBER to receive your NUMBER award,1
please dont say like that hi hi hi,0
thank u,0
oh that was a forwarded message i thought you send that to me,0
got it seventeen pounds for seven hundred ml hope ok,0
dear voucher holder NUMBER claim this weeks offer at your pc go to URL ts cs apply NUMBER stop texts txt stop to NUMBER,1
me n him so funny,0
sweetheart hope you are not having that kind of day have one with loads of reasons to smile biola,0
when login dat time dad fetching home now,0
what will we do in the shower baby,0
i had askd u a question some hours before its answer,0
well imma definitely need to restock before thanksgiving i ll let you know when i m out,0
said kiss kiss i can t do the sound effects he is a gorgeous man isn t he kind of person who needs a smile to brighten his day,0
probably gonna swing by in a wee bit,0
ya very nice be ready on thursday,0
allo we have braved the buses and taken on the trains and triumphed i mean we re in b ham have a jolly good rest of week,0
watching cartoon listening music amp at eve had to go temple amp church what about u,0
do you mind if i ask what happened you dont have to say if it is uncomfortable,0
private your NUMBER account statement for shows NUMBER un redeemed s i m points call NUMBER identifier code NUMBER expires NUMBER NUMBER NUMBER,1
no prob i will send to your email,0
you have won NUMBER NUMBER cash or a NUMBER NUMBER prize to claim call NUMBER t c rstm sw NUMBER NUMBER ss NUMBER ppm,1
thats cool sometimes slow and gentle sonetimes rough and hard,0
i m gonna say no sorry i would but as normal am starting to panic about time sorry again are you seeing on tuesday,0
wait do you know if wesleys in town i bet she does hella drugs,0
fine i miss you very much,0
did u got that persons story,0
tell them the drug dealer s getting impatient,0
sun cant come to earth but send luv as rays cloud cant come to river but send luv as rain i cant come to meet u but can send my care as msg to u gud evng,0
you will be in the place of that man,0
it doesnt make sense to take it there unless its free if you need to know more wikipedia com,0
NUMBER and NUMBER are premium phone services call NUMBER,1
under the sea there lays a rock in the rock there is an envelope in the envelope there is a paper on the paper there are NUMBER words,0
then mum s repent how,0
sorry me going home first daddy come fetch later,0
leave it de start prepare for next,0
yes baby we can study all the positions of the kama sutra,0
en chikku nange bakra msg kalstiya then had tea coffee,0
carlos ll be here in a minute if you still need to buy,0
this pay is lt decimal gt lakhs,0
have a good evening ttyl,0
did u receive my msg,0
ho ho big belly laugh see ya tomo,0
sms ac sun NUMBER posts hello you seem cool wanted to say hi hi stop send stop to NUMBER,1
get ur NUMBER st ringtone free now reply to this msg with tone gr NUMBER top NUMBER tones to your phone every week just NUMBER NUMBER per wk NUMBER opt out send stop NUMBER NUMBER,1
ditto and you won t have to worry about me saying anything to you anymore like i said last night you do whatever you want and i ll do the same peace,0
i ve got lt gt any way i could pick up,0
i dont knw pa i just drink milk,0
maybe say hi to and find out if got his card great escape or wetherspoons,0
piggy r u awake i bet u re still sleeping i m going NUMBER lunch now,0
cause i m not freaky lol,0
missed your call cause i was yelling at scrappy miss u can t wait for u to come home i m so lonely today,0
what is this hex place you talk of explain,0
log off NUMBER wat it s sdryb NUMBER i,0
is xy going NUMBER e lunch,0
hi i m sue i am NUMBER years old and work as a lapdancer i love sex text me live i m i my bedroom now text sue to NUMBER by textoperator g NUMBER NUMBER da NUMBER ppmsg NUMBER,1
i wanted to ask to wait NUMBER me to finish lect cos my lect finishes in an hour anyway,0
have you finished work yet,0
every king was once a crying baby and every great building was once a map not imprtant where u r today but where u wil reach tomorw gud ni NUMBER,0
dear me at cherthala in case u r coming cochin pls call bfore u start i shall also reach accordingly or tell me which day u r coming tmorow i am engaged ans its holiday,0
thanks love but am i doing torch or bold,0
forwarded from NUMBER please call NUMBER immediately as there is an urgent message waiting for you,1
was the farm open,0
sorry to trouble u again can buy NUMBER d for my dad again NUMBER NUMBER NUMBER all NUMBER big NUMBER small sat n sun thanx,0
my sister in law hope you are having a great month just saying hey abiola,0
will purchase d stuff today and mail to you do you have a po box number,0
ah poop looks like ill prob have to send in my laptop to get fixed cuz it has a gpu problem,0
good good job i like entrepreneurs,0
aight you close by or still down around alex s place,0
meet you in corporation st outside gap you can see how my mind is working,0
mum ask to buy food home,0
k u also dont msg or reply to his msg,0
how much r willing to pay,0
sorry i ll call later,0
what is important is that you prevent dehydration by giving her enough fluids,0
thats a bit weird even where is the do supposed to be happening but good idea sure they will be in pub,0
true dear i sat to pray evening and felt so so i sms d you in some time,0
i don t think i can get away for a trek that long with family in town sorry,0
so when do you wanna gym harri,0
quite late lar ard NUMBER anyway i wun b drivin,0
to review and keep the fantastic nokia n gage game deck with club nokia go NUMBER URL unsubscribe from alerts reply with the word out,1
NUMBER mths half price orange line rental latest camera phones NUMBER free had your phone NUMBER mths call mobilesdirect free on NUMBER to update now or NUMBER stoptxt t cs,1
height of confidence all the aeronautics professors wer calld amp they wer askd NUMBER sit in an aeroplane aftr they sat they wer told dat the plane ws made by their students dey all hurried out of d plane bt only NUMBER didnt move he said if it is made by my students this wont even start datz confidence,0
it just seems like weird timing that the night that all you and g want is for me to come smoke is the same day as when a shitstorm is attributed to me always coming over and making everyone smoke,0
NUMBER between NUMBER am NUMBER pm cost NUMBER p,1
save yourself the stress if the person has a dorm account just send your account details and the money will be sent to you,0
he also knows about lunch menu only da i know,0
when i have stuff to sell i ll tell you,0
NUMBER urgent this is the NUMBER nd attempt to contact u u have won NUMBER call NUMBER b NUMBER NUMBER t csbcm NUMBER wc NUMBER n NUMBER xx callcost NUMBER ppm mobilesvary max NUMBER NUMBER,1
book which lesson then you msg me i will call up after work or sth i m going to get specs my membership is px NUMBER,0
you have won a guaranteed NUMBER cash or a NUMBER prize to claim yr prize call our customer service representative on NUMBER between NUMBER am NUMBER pm,1
macha dont feel upset i can assume your mindset believe me one evening with me and i have some wonderful plans for both of us let life begin again call me anytime,0
oh is it send me the address,0
s fine anytime all the best with it,0
that is wondar full flim,0
ya even those cookies have jelly on them,0
the world is running and i am still maybe all are feeling the same so be it or i have to admit i am mad then where is the correction or let me call this is life and keep running with the world may be u r also running lets run,0
got it it looks scrumptious daddy wants to eat you all night long,0
of cos can lar i m not so ba dao ok NUMBER pm lor y u never ask where we go ah i said u would ask on fri but he said u will ask today,0
alright omw gotta change my order to a half NUMBER th,0
exactly anyways how far is jide her to study or just visiting,0
dunno y u ask me,0
email alertfrom jeri stewartsize NUMBER kbsubject low cost prescripiton drvgsto listen to email call NUMBER,1
no he didn t spring is coming early yay,0
lol you won t feel bad when i use her money to take you out to a steak dinner d,0
even u dont get in trouble while convincing just tel him once or twice and just tel neglect his msgs dont c and read it just dont reply,0
leaving to qatar tonite in search of an opportunity all went fast pls add me in ur prayers dear rakhesh,0
then why no one talking to me,0
thanks for looking out for me i really appreciate,0
hi customer loyalty offer the new nokia NUMBER mobile from only NUMBER at txtauction txt word start to no NUMBER get yours now NUMBER t ctxt tc NUMBER p mtmsg,1
wish i were with you now,0
haha mayb u re rite u know me well da feeling of being liked by someone is gd lor u faster go find one then all gals in our group attached liao,0
yes i will be there glad you made it,0
do well all will for little time thing of good times ahead,0
just got up have to be out of the room very soon i hadn t put the clocks back til at NUMBER i shouted at everyone to get up and then realised it was NUMBER wahay another hour in bed,0
ok there may be a free gym about,0
men like shorter ladies gaze up into his eyes,0
dunno he jus say go lido same time NUMBER,0
i promise to take good care of you princess i have to run now please send pics when you get a chance ttyl,0
u are subscribed to the best mobile content service in the uk for NUMBER per NUMBER days until you send stop to NUMBER helpline NUMBER,1
is there a reason we ve not spoken this year anyways have a great week and all the best in your exam,0
by monday next week give me the full gist,0
do you realize that in about NUMBER years we ll have thousands of old ladies running around with tattoos,1
you have an important customer service announcement from premier,1
dont gimme that lip caveboy,0
when did you get to the library,0
realy sorry i don t recognise this number and am now confused who r u please,0
so why didnt you holla,0
cant think of anyone with spare room off top of my head,0
faith makes things possible hope makes things work love makes things beautiful may you have all three this christmas merry christmas,0
u should have made an appointment,0
call me when you carlos is are here my phone s vibrate is acting up and i might not hear texts,0
romantic paris NUMBER nights NUMBER flights from NUMBER book now NUMBER next year call NUMBER ts cs apply,1
we are at grandmas oh dear u still ill i felt shit this morning but i think i am just hungover another night then we leave on sat,0
urgent ur NUMBER guaranteed award is still unclaimed call NUMBER now closingdate NUMBER NUMBER NUMBER claimcode m NUMBER m NUMBER NUMBER NUMBER pmmorefrommobile NUMBER bremoved mobypobox NUMBER ls NUMBER yf,1
nothing but we jus tot u would ask cos u ba gua but we went mt faber yest yest jus went out already mah so today not going out jus call lor,0
wishing you and your family merry x mas and happy new year in advance,0
ur awarded a city break and could win a NUMBER summer shopping spree every wk txt store to NUMBER skilgme tscs NUMBER winawk age NUMBER NUMBER NUMBER perwksub,1
i m nt goin got somethin on unless they meetin NUMBER dinner lor haha i wonder who will go tis time,0
sorry i ll call later,0
i cant pick the phone right now pls send a message,0
lol i know they re so dramatic schools already closed for tomorrow apparently we can t drive in the inch of snow were supposed to get,0
not getting anywhere with this damn job hunting over here,0
lol u drunkard just doing my hair at d moment yeah still up NUMBER tonight wats the plan,0
idc get over here you are not weaseling your way out of this shit twice in a row,0
i wil be there with in lt gt minutes got any space,0
just sleeping and surfing,0
thanks for picking up the trash,0
why don t you go tell your friend you re not sure you want to live with him because he smokes too much then spend hours begging him to come smoke,0
hi its kate it was lovely to see you tonight and ill phone you tomorrow i got to sing and a guy gave me his card xxx,0
happy new year my dear brother i really do miss you just got your number and decided to send you this text wishing you only happiness abiola,0
that means get the door,0
your opinion about me NUMBER over NUMBER jada NUMBER kusruthi NUMBER lovable NUMBER silent NUMBER spl character NUMBER not matured NUMBER stylish NUMBER simple pls reply,0
hmmm i thought we said NUMBER hours slave not NUMBER you are late how should i punish you,0
beerage,0
you have an important customer service announcement from premier call freephone NUMBER NUMBER NUMBER now,1
dont think so it turns off like randomlly within NUMBER min of opening,0
she was supposed to be but couldn t make it she s still in town though,0
it does it on its own most of the time it fixes my spelling but sometimes it gets a completely diff word go figure,0
ever thought about living a good life with a perfect partner just txt back name and age to join the mobile community NUMBER p sms,1
NUMBER free top polyphonic tones call NUMBER national rate get a toppoly tune sent every week just text subpoly to NUMBER NUMBER per pole unsub NUMBER,1
gud mrng dear hav a nice day,0
this is hoping you enjoyed your game yesterday sorry i ve not been in touch but pls know that you are fondly bein thot off have a great week abiola,0
all e best NUMBER ur driving tmr,0
y where u at dogbreath its just sounding like jan c that s al,0
omg i want to scream i weighed myself and i lost more weight woohoo,0
there generally isn t one it s an uncountable noun u in the dictionary pieces of research,0
it s really getting me down just hanging around,0
orange customer you may now claim your free camera phone upgrade for your loyalty call now on NUMBER NUMBER NUMBER offer ends NUMBER thmarch t c s apply opt out availa,1
petey boy whereare you me and all your friendsare in thekingshead come down if you canlove nic,0
ok i msg u b NUMBER i leave my house,0
gimme a few was lt gt minutes ago,0
last chance claim ur NUMBER worth of discount vouchers today text shop to NUMBER now savamob offers mobile t cs savamob pobox NUMBER m NUMBER uz NUMBER NUMBER sub NUMBER,1
appt is at lt time gt am not my fault u don t listen i told u twice,0
free for NUMBER st week no NUMBER nokia tone NUMBER ur mobile every week just txt nokia to NUMBER get txting and tell ur mates URL pobox NUMBER w NUMBER wq NUMBER norm NUMBER p tone,1
you have won a guaranteed NUMBER award or even NUMBER cashto claim ur award call free on NUMBER NUMBER NUMBER stop getstop on NUMBER php rg NUMBER NUMBER jx,1
k i ll be there before NUMBER,0
i dled NUMBER d its very imp,0
sure but make sure he knows we ain t smokin yet,0
boooo you always work just quit,0
i am taking half day leave bec i am not well,0
ugh i don t wanna get out of bed it s so warm,0
s s nervous lt gt,0
so there s a ring that comes with the guys costumes it s there so they can gift their future yowifes hint hint,0
congratulations ur awarded either NUMBER of cd gift vouchers free entry NUMBER our NUMBER weekly draw txt music to NUMBER tncs URL,1
i borrow ur bag ok,0
u were outbid by simonwatson NUMBER on the shinco dvd plyr NUMBER bid again visit sms ac smsrewards NUMBER end bid notifications reply end out,1
where s my boytoy i miss you what happened,0
he has lots of used ones babe but the model doesn t help youi have to bring it over and he ll match it up,0
also are you bringing galileo or dobby,0
then why you not responding,0
boo babe u enjoyin yourjob u seemed NUMBER b gettin on well hunny hope ure ok take care i llspeak NUMBER u soonlots of loveme xxxx,0
good afternoon starshine how s my boytoy does he crave me yet ache to fuck me sips cappuccino i miss you babe teasing kiss,0
on the road so cant txt,0
smsservices for yourinclusive text credits pls goto URL login NUMBER qxj NUMBER unsubscribe with stop no extra charge help NUMBER comuk NUMBER cm NUMBER NUMBER ae,1
NUMBER p NUMBER alfie moon s children in need song on ur mob tell ur m NUMBER s txt tone charity to NUMBER for nokias or poly charity for polys zed NUMBER profit NUMBER charity,1
have a good evening ttyl,0
hmm bits and pieces lol sighs,0
hahaha use your brain dear,0
hey you got any mail,0
sorry light turned green i meant another friend wanted lt gt worth but he may not be around,0
thanks for yesterday sir you have been wonderful hope you enjoyed the burial mojibiola,0
u have a secret admirer reveal who thinks u r so special call NUMBER to opt out reply reveal stop NUMBER NUMBER per msg recd cust care NUMBER,1
hi mate its rv did u hav a nice hol just a message NUMBER say hello coz haven t sent u NUMBER in ages started driving so stay off roads rvx,0
dear voucher holder to claim this weeks offer at you pc please go to URL ts cs apply to stop texts txt stop to NUMBER,1
thank you so much when we skyped wit kz and sura we didnt get the pleasure of your company hope you are good we ve given you ultimatum oh we are countin down to aburo enjoy this is the message i sent days ago,0
surely result will offer,0
good morning my dear have a great amp successful day,0
do you want NUMBER anytime any network mins NUMBER text and a new video phone for only five pounds per week call NUMBER or reply for delivery tomorrow,1
sir i have been late in paying rent for the past few months and had to pay a lt gt charge i felt it would be inconsiderate of me to nag about something you give at great cost to yourself and that s why i didnt speak up i however am in a recession and wont be able to pay the charge this month hence my askin well ahead of month s end can you please help thanks,0
we tried to contact you re our offer of new video phone NUMBER anytime any network mins half price rental camcorder call NUMBER or reply for delivery wed,1
last chance NUMBER claim ur NUMBER worth of discount vouchers text yes to NUMBER now savamob member offers mobile t cs NUMBER NUMBER NUMBER sub NUMBER remove txt x or stop,1
i luv u soo much u don t understand how special u r NUMBER me ring u NUMBER morrow luv u xxx,0
pls send me a comprehensive mail about who i m paying when and how much,0
our prashanthettan s mother passed away last night pray for her and family,0
urgent call NUMBER from your landline your complimentary NUMBER ibiza holiday or NUMBER NUMBER cash await collection sae t cs po box NUMBER sk NUMBER NUMBER wp NUMBER ppm NUMBER,1
k k when are you going,0
meanwhile in the shit suite xavier decided to give us lt gt seconds of warning that samantha was coming over and is playing jay s guitar to impress her or some shit also i don t think doug realizes i don t live here anymore,0
my stomach has been thru so much trauma i swear i just can t eat i better lose weight,0
i am in office whats the matter msg me now i will call you at break,0
yeah there s barely enough room for the two of us x has too many fucking shoes sorry man see you later,0
today s offer claim ur NUMBER worth of discount vouchers text yes to NUMBER now savamob member offers mobile t cs NUMBER NUMBER NUMBER sub NUMBER unsub reply x,1
u reach orchard already u wan NUMBER go buy tickets first,0
i am real baby i want to bring out your inner tigress,0
no da if you run that it activate the full version da,0
ah poor baby hope urfeeling bettersn luv probthat overdose of work hey go careful spk NUMBER u sn lots of lovejen xxx,0
stop the story i ve told him i ve returned it and he s saying i should not re order it,0
talk sexy make new friends or fall in love in the worlds most discreet text dating service just text vip to NUMBER and see who you could meet,1
going to take your babe out,0
hai ana tomarrow am coming on morning lt decimal gt ill be there in sathy then we ll go to rto office reply me after came to home,0
spoons it is then okay,0
did he just say somebody is named tampa,0
in work now going have in few min,0
your brother is a genius,0
sorry i guess whenever i can get a hold of my connections maybe an hour or two i ll text you,0
did u find out what time the bus is at coz i need to sort some stuff out,0
dude ive been seeing a lotta corvettes lately,0
congratulations ur awarded either a yrs supply of cds from virgin records or a mystery gift guaranteed call NUMBER ts cs URL NUMBER NUMBER pm approx NUMBER mins,1
same here but i consider walls and bunkers and shit important just because i never play on peaceful but i guess your place is high enough that it don t matter,0
private your NUMBER account statement for NUMBER xxxxxx shows NUMBER un redeemed s i m points call NUMBER identifier code NUMBER expires NUMBER NUMBER NUMBER,1
hello we need some posh birds and chaps to user trial prods for champneys can i put you down i need your address and dob asap ta r,1
what do u want for xmas how about NUMBER free text messages a new video phone with half price line rental call free now on NUMBER NUMBER to find out more,1
well am officially in a philosophical hole so if u wanna call am at home ready to be saved,0
its going good no problem but still need little experience to understand american customer voice,0
i ll text you when i drop x off,0
ugh its been a long day i m exhausted just want to cuddle up and take a nap,0
talk with yourself atleast once in a day otherwise you will miss your best friend in this world shakespeare shesil lt gt,0
shop till u drop is it you either NUMBER k NUMBER k NUMBER cash or NUMBER travel voucher call now NUMBER ntt po box cr NUMBER bt fixedline cost NUMBER ppm mobile vary,1
are you in castor you need to see something,0
sunshine quiz wkly q win a top sony dvd player if u know which country liverpool played in mid week txt ansr to NUMBER NUMBER NUMBER sp tyrone,1
u have a secret admirer who is looking NUMBER make contact with u find out who they r reveal who thinks ur so special call on NUMBER,1
u have a secret admirer who is looking NUMBER make contact with u find out who they r reveal who thinks ur so special call on NUMBER stopsms NUMBER,1
reminder you have not downloaded the content you have already paid for goto URL mymoby tv to collect your content,1
see i knew giving you a break a few times woul lead to you always wanting to miss curfew i was gonna gibe you til one but a midnight movie is not gonna get out til after NUMBER you need to come home you need to getsleep and if anything you need to b studdying ear training,0
i love to give massages i use lots of baby oil what is your fave position,0
dude we should go sup again,0
yoyyooo u know how to change permissions for a drive in mac my usb flash drive,0
gibbs unsold mike hussey,0
i like to talk pa but am not able to i dont know y,0
y dun cut too short leh u dun like ah she failed she s quite sad,0
you unbelievable faglord,0
wife how she knew the time of murder exactly,0
why do you ask princess,0
i am great princess what are you thinking about me,0
nutter cutter ctter cttergg cttargg ctargg ctagg ie you,0
it s ok i noe u re busy but i m really too bored so i msg u i oso dunno wat colour she choose NUMBER me one,0
doesn t g have class early tomorrow and thus shouldn t be trying to smoke at lt gt,0
superb thought be grateful that u dont have everything u want that means u still have an opportunity to be happier tomorrow than u are today,0
hope you are having a good week just checking in,0
i m used to it i just hope my agents don t drop me since i ve only booked a few things this year this whole me in boston them in nyc was an experiment,0
thursday night yeah sure thing we ll work it out then,0
your free ringtone is waiting to be collected simply text the password mix to NUMBER to verify get usher and britney fml po box NUMBER mk NUMBER NUMBER h NUMBER ppw NUMBER,1
probably money worries things are coming due and i have several outstanding invoices for work i did two and three months ago,0
how is it possible to teach you and where,0
i wonder if your phone battery went dead i had to tell you i love you babe,0
lovely smell on this bus and it ain t tobacco,0
we re all getting worried over here derek and taylor have already assumed the worst,0
hey what s up charles sorry about the late reply,0
all the lastest from stereophonics marley dizzee racal libertines and the strokes win nookii games with flirt click themob wap bookmark or text wap to NUMBER,1
i ll give her once i have it plus she said grinule greet you whenever we speak,0
white fudge oreos are in stores,0
january male sale hot gay chat now cheaper call NUMBER national rate from NUMBER NUMBER p min cheap to NUMBER NUMBER p min peak to stop texts call NUMBER NUMBER p min,1
my love how come it took you so long to leave for zaher s i got your words on ym and was happy to see them but was sad you had left i miss you,0
i am sorry it hurt you,0
can t i feel nauseous i m so pissed i didn t eat any sweets all week cause today i was planning to pig out i was dieting all week and now i m not hungry,0
ok lor but not too early me still having project meeting now,0
call me da i am waiting for your call,0
i could ask carlos if we could get more if anybody else can chip in,0
was actually about to send you a reminder today have a wonderful weekend,0
when people see my msgs they think iam addicted to msging they are wrong bcoz they don t know that iam addicted to my sweet friends bslvyl,0
hey you gave them your photo when you registered for driving ah tmr wanna meet at yck,0
dont talk to him ever ok its my word,0
when u wana see it then,0
on ma way to school can you pls send me ashley s number,0
it shall be fine i have avalarr now will hollalater,0
she went to attend another two rounds today but still did t reach home,0
actually i deleted my old website now i m blogging at magicalsongs blogspot com,0
k wait chikku il send aftr lt gt mins,0
but i m on a diet and i ate NUMBER too many slices of pizza yesterday ugh i m always on a diet,0
k i will give my kvb acc details,0
oh all have to come ah,0
money you r a lucky winner NUMBER claim your prize text money NUMBER NUMBER over NUMBER million to give away ppt NUMBER x NUMBER normal text rate box NUMBER w NUMBER t NUMBER jy,1
i m really sorry i won t b able NUMBER do this friday hope u can find an alternative hope yr term s going ok,0
congratulations ore mo owo re wa enjoy it and i wish you many happy moments to and fro wherever you go,0
so do you have samus shoulders yet,0
what time you think you ll have it need to know when i should be near campus,0
dear matthew please call NUMBER from a landline your complimentary NUMBER lux tenerife holiday or NUMBER cash await collection ppm NUMBER sae t cs box NUMBER sk NUMBER xh,1
then dun wear jeans lor,0
since when which side any fever any vomitin,0
k k are you in college,0
urgent call NUMBER from landline your complimentary NUMBER tenerife holiday or NUMBER NUMBER cash await collection sae t cs box NUMBER hp NUMBER NUMBER yf NUMBER ppm NUMBER,1
better made up for friday and stuffed myself like a pig yesterday now i feel bleh but at least its not writhing pain kind of bleh,0
no we sell it all so we ll have tons if coins then sell our coins to someone thru paypal voila money back in life pockets,0
theyre doing it to lots of places only hospitals and medical places are safe,0
how about getting in touch with folks waiting for company just txt back your name and age to opt in enjoy the community NUMBER p sms,1
and also i ve sorta blown him off a couple times recently so id rather not text him out of the blue looking for weed,0
i sent my scores to sophas and i had to do secondary application for a few schools i think if you are thinking of applying do a research on cost also contact joke ogunrinde her school is one me the less expensive ones,0
i cant wait to see you how were the photos were useful,0
ur cash balance is currently NUMBER pounds to maximize ur cash in now send go to NUMBER only NUMBER p msg cc NUMBER po box NUMBER NUMBER tcr w NUMBER,1
hey i booked the kb on sat already what other lessons are we going for ah keep your sat night free we need to meet and confirm our lodging,0
chk in ur belovd ms dict,0
is that what time you want me to come,0
awesome lemme know whenever you re around,0
shb b ok lor thanx,0
beautiful truth against gravity read carefully our heart feels light when someone is in it but it feels very heavy when someone leaves it good night,0
also remember to get dobby s bowl from your car,0
filthy stories and girls waiting for your,1
sorry i now then c ur msg yar lor so poor thing but only NUMBER one night tmr u ll have a brand new room NUMBER sleep in,0
love isn t a decision it s a feeling if we could decide who to love then life would be much simpler but then less magical,0
welp apparently he retired,0
my sort code is and acc no is the bank is natwest can you reply to confirm i ve sent this to the right person,0
where,0
u sure u can t take any sick time,0
urgent we are trying to contact u todays draw shows that you have won a NUMBER prize guaranteed call NUMBER from land line claim m NUMBER valid NUMBER hrs only,1
watching cartoon listening music amp at eve had to go temple amp church what about u,0
yo chad which gymnastics class do you wanna take the site says christians class is full,0
are you this much buzy,0
or better still can you catch her and let ask her if she can sell lt gt for me,0
i am not sure about night menu i know only about noon menu,0
what do u want when i come back a beautiful necklace as a token of my heart for you thats what i will give but only to my wife of my liking be that and see no one can give you that dont call me i will wait till i come,0
are you willing to go for aptitude class,0
it wont b until NUMBER NUMBER as trying NUMBER sort house out is that ok,0
yar lor he wan NUMBER go c horse racing today mah so eat earlier lor i ate chicken rice u,0
haha awesome omw back now then,0
yup i thk so until e shop closes lor,0
what is your account number,0
eh u send wrongly lar,0
hey no i ad a crap nite was borin without ya NUMBER boggy with me u boring biatch thanx but u wait til nxt time il ave ya,0
ok i shall talk to him,0
dont hesitate you know this is the second time she has had weakness like that so keep i notebook of what she eat and did the day before or if anything changed the day before so that we can be sure its nothing,0
hey you can pay with salary de only lt gt,0
another month i need chocolate weed and alcohol,0
if he started searching he will get job in few days he have great potential and talent,0
reckon need to be in town by eightish to walk from carpark,0
congrats NUMBER mobile NUMBER g videophones r yours call NUMBER now videochat wid your mates play java games dload polyph music noline rentl,1
look at the fuckin time what the fuck you think is up,0
yo guess what i just dropped,0
carlos says he ll be at mu in lt gt minutes,0
i m in office now i will call you lt gt min,0
geeee i miss you already you know your all i can think about fuck i can t wait till next year when we will be together loving kiss,0
yun ah the ubi one say if wan call by tomorrow call NUMBER look for irene ere only got bus NUMBER NUMBER NUMBER NUMBER NUMBER NUMBER ubi cres ubi tech park NUMBER ph for NUMBER st NUMBER wkg days n,0
ugh gotta drive back to sd from la my butt is sore,0
NUMBER th of july,0
hi im having the most relaxing time ever we have to get up at NUMBER am every day was the party good the other night i get home tomorrow at NUMBER ish,0
up to wan come then come lor but i din c any stripes skirt,0
the xmas story is peace the xmas msg is love the xmas miracle is jesus hav a blessed month ahead amp wish u merry xmas,0
i can t i don t have her number,0
change again it s e one next to escalator,0
yetunde i m in class can you not run water on it to make it ok pls now,0
not a lot has happened here feels very quiet beth is at her aunts and charlie is working lots just me and helen in at the mo how have you been,0
then wait NUMBER me at bus stop aft ur lect lar if i dun c then i go get my car then come back n pick,0
aight will do thanks again for comin out,0
no but heard abt tat,0
please call our customer service representative on freephone NUMBER NUMBER NUMBER between NUMBER am NUMBER pm as you have won a guaranteed NUMBER cash or NUMBER prize,1
yes he is really great bhaji told kallis best cricketer after sachin in world very tough to get out,0
lt gt am i think should say on syllabus,0
umma did she say anything,0
give me a sec to think think about it,0
panasonic bluetoothhdset free nokia free motorola free doublemins doubletxt on orange contract call mobileupd NUMBER on NUMBER or call NUMBER optout,1
i don t quite know what to do i still can t get hold of anyone i cud pick you up bout NUMBER NUMBER pm and we can see if they re in the pub,0
poyyarikatur kolathupalayam unjalur post erode dis lt gt,0
dear hero i am leaving to qatar tonite for an apt opportunity pls do keep in touch at lt email gt kerala,0
lol i would but my mom would have a fit and tell the whole family how crazy and terrible i am,0
i just got home babe are you still awake,0
i dunno they close oredi not v ma fan,0
just buy a pizza meat lovers or supreme u get to pick,0
ya told she was asking wats matter,0
dear regret i cudnt pick call drove down frm ctla now at cochin home left mobile in car ente style ishtamayoo happy bakrid,0
free for NUMBER st week no NUMBER nokia tone NUMBER ur mob every week just txt nokia to NUMBER get txting and tell ur mates URL pobox NUMBER w NUMBER wq norm NUMBER p tone NUMBER,1
shall i send that exe to your mail id,0
nope watching tv at home not going out v bored,0
don know wait i will check it,0
good afternoon on this glorious anniversary day my sweet j i hope this finds you happy and content my prey i think of you and send a teasing kiss from across the sea coaxing images of fond souveniers you cougar pen,0
guess what somebody you know secretly fancies you wanna find out who it is give us a call on NUMBER from landline datebox NUMBER essexcm NUMBER xn NUMBER p min NUMBER,1
we still on for tonight,0
may i call you later pls,0
hasn t that been the pattern recently crap weekends,0
i have a sore throat it s scratches when i talk,0
yes da any plm at ur office,0
are you not around or just still asleep v,0
lol you forgot it eh yes i ll bring it in babe,0
its good we ll find a way,0
can not use foreign stamps in this country good lecture,0
yup bathe liao,0
happy new year my no NUMBER man,0
oh mr sheffield you wanna play that game okay you re the boss and i m the nanny you give me a raise and i ll give you one,0
zoe it just hit me NUMBER im fucking shitin myself il defo try my hardest NUMBER cum NUMBER morow luv u millions lekdog,0
hello baby did you get back to your mom s are you setting up the computer now filling your belly how goes it loverboy i miss you already sighs,0
no my blankets are sufficient thx,0
naughty little thought its better to flirt flirt n flirt rather than loving someone n gettin hurt hurt n hurt gud nyt,0
edison has rightly said a fool can ask more questions than a wise man can answer now you know why all of us are speechless during viva gm gn ge gnt,0
they just talking thats it de they wont any other,0
today am going to college so am not able to atten the class,0
i m in class will holla later,0
easy ah sen got selected means its good,0
mmm thats better now i got a roast down me i d b better if i had a few drinks down me NUMBER good indian,0
we know someone who you know that fancies you call NUMBER to find out who pobox NUMBER ls NUMBER hb NUMBER p,1
come round it s,0
do NUMBER thing change that sentence into because i want NUMBER concentrate in my educational career im leaving here,0
NUMBER s flirting now txt girl or bloke ur name age eg girl zoe NUMBER to NUMBER to join and get chatting,1
i walked an hour NUMBER c u doesn t that show i care y wont u believe im serious,0
NUMBER days to euro NUMBER kickoff u will be kept informed of all the latest news and results daily unsubscribe send get euro stop to NUMBER,1
are you available for soiree on june NUMBER rd,0
do u noe wat time e place dat sells NUMBER d closes,0
i got another job the one at the hospital doing data analysis or something starts on monday not sure when my thesis will got finished,0
jay s getting really impatient and belligerent,0
hiya comin NUMBER bristol NUMBER st week in april les got off rudi on new yrs eve but i was snoring they were drunk u bak at college yet my work sends ink NUMBER bath,0
i m at work please call,0
then u drive lor,0
ard NUMBER like dat y,0
tell me they re female v how re you throwing in we re deciding what all to get now,0
eastenders tv quiz what flower does dot compare herself to d violet e tulip f lily txt d e or f to NUMBER now NUMBER chance NUMBER win NUMBER cash wkent NUMBER p NUMBER,1
i m working technical support voice process networking field,0
i might come to kerala for NUMBER days so you can be prepared to take a leave once i finalise dont plan any travel during my visit need to finish urgent works,0
ok not sure what time tho as not sure if can get to library before class will try see you at some point have good eve,0
we have new local dates in your area lots of new people registered in your area reply date to start now NUMBER only URL replys NUMBER,1
that s fine i ll bitch at you about it later then,0
no my mum went NUMBER dentist,0
once free call me sir i am waiting for you,0
meeting u is my work tel me when shall i do my work tomorrow,0
someone u know has asked our dating service NUMBER contact you cant guess who call NUMBER now all will be revealed po box NUMBER m NUMBER NUMBER wu,1
jus finish bathing,0
alright i ll make sure the car is back tonight,0
urgent we are trying to contact u todays draw shows that you have won a NUMBER prize guaranteed call NUMBER from land line claim c NUMBER valid NUMBER hrs only,1
dear u ve been invited to xchat this is our final attempt to contact u txt chat to NUMBER,1
lul im gettin some juicy gossip at the hospital two nurses are talking about how fat they are gettin and one thinks shes obese oyea,0
aight ill get on fb in a couple minutes,0
oi ami parchi na re kicchu kaaj korte iccha korche na phone ta tul na plz plz,0
where can download clear movies dvd copies,0
yep by the pretty sculpture,0
convey my regards to him,0
me too watching surya movie only after NUMBER pm vijay movie pokkiri,0
you tell what happen dont behave like this to me ok no need to say,0
can u get pic msgs to your phone,0
send to someone else,0
wat makes some people dearer is not just de happiness dat u feel when u meet them but de pain u feel when u miss dem,0
for me the love should start with attraction i should feel that i need her every time around me she should be the first thing which comes in my thoughts i would start the day and end it with her she should be there every time i dream love will be then when my every breath has her name my life should happen around her my life will be named to her i would cry for her will give all my happiness and take all her sorrows i will be ready to fight with anyone for her i will be in love when i will be doing the craziest things for her love will be when i don t have to proove anyone that my girl is the most beautiful lady on the whole planet i will always be singing praises for her love will be when i start up making chicken curry and end up makiing sambar life will be the most beautiful then will get every morning and thank god for the day because she is with me i would like to say a lot will tell later,0
fr ndship is like a needle of a clock though v r in d same clock v r nt able NUMBER met evn if v meet itz only NUMBER few seconds bt v alwys stay conected gud NUMBER t,0
i don t think he has spatula hands,0
you can never do nothing,0
you are awarded a sipix digital camera call NUMBER from landline delivery within NUMBER days t cs box NUMBER m NUMBER bp NUMBER yr warranty NUMBER ppm NUMBER p p NUMBER NUMBER,1
goodmorning today i am late for lt decimal gt min,0
win urgent your mobile number has been awarded with a NUMBER prize guaranteed call NUMBER from land line claim NUMBER valid NUMBER hrs only NUMBER ppm,1
please da call me any mistake from my side sorry da pls da goto doctor,0
where r we meeting,0
well the weather in cali s great but its complexities are great you need a car to move freely its taxes are outrageous but all in all its a great place the sad part is i missing home,0
now only i reached home i am very tired now i will come tomorro,0
ryder unsold now gibbs,0
dear subscriber ur draw NUMBER NUMBER gift voucher will b entered on receipt of a correct ans when was elvis presleys birthday txt answer to NUMBER,1
don t fret i ll buy the ovulation test strips and send them to you you wont get them til like march can you send me your postal address u ll be alright okay,0
no gifts you trying to get me to throw myself off a cliff or something,0
been up to ne thing interesting did you have a good birthday when are u wrking nxt i started uni today,0
you busy or can i come by at some point and figure out what we re doing tomorrow,0
yeah go on then bored and depressed sittin waitin for phone to ring hope the wind drops though scary,0
black shirt n blue jeans i thk i c,0
aiyah sorry lor i watch tv watch until i forgot NUMBER check my phone,0
message important information for o NUMBER user today is your lucky day NUMBER find out why log onto URL there is a fantastic surprise awaiting you,1
on hen night going with a swing,0
good afternoon my love how goes your day what are you up to i woke early and am online waiting for you hmmm italian boy is online i see grins,0
from someone not to smoke when every time i ve smoked in the last two weeks is because of you calling or texting me that you wanted to smoke,0
no you ll just get a headache trying to figure it out u can trust me to do the math i promise o,0
s s first time dhoni rocks,0
ok ill tell the company,0
awesome think we can get an NUMBER th at usf some time tonight,0
so that means you still think of teju,0
no i m good for the movie is it ok if i leave in an hourish,0
no no this is kallis home ground amla home town is durban,0
so lets make it saturday or monday as per convenience,0
hey what time is your driving on fri we go for evaluation on fri,0
NUMBER you have won a NUMBER NUMBER price to claim call NUMBER,1
i m going NUMBER lunch now wif my family then aft dat i go str NUMBER orchard lor,0
bored of speed dating try speedchat txt speedchat to NUMBER if you don t like em txt swap and get a new chatter chat NUMBER pobox NUMBER w NUMBER wq NUMBER p msg rcd NUMBER,1
cancel cheyyamo and get some money back,0
do you want NUMBER anytime any network mins NUMBER text and a new video phone for only five pounds per week call NUMBER now or reply for delivery tomorrow,1
ok ok ok then whats ur todays plan,0
good morning princess how are you,0
aiyar sorry lor forgot NUMBER tell u,0
for taking part in our mobile survey yesterday you can now have NUMBER texts NUMBER use however you wish NUMBER get txts just send txt to NUMBER t c URL NUMBER NUMBER p,1
not tonight mate catching up on some sleep this is my new number by the way,0
height of oh shit situation a guy throws a luv letter on a gal but falls on her brothers head whos a gay d,0
ur hmv quiz cash balance is currently NUMBER to maximize ur cash in now send hmv NUMBER to NUMBER only NUMBER p msg,1
so check your errors and if you had difficulties do correction,0
howz pain hope u r fine,0
sorry i ll call later,0
good morning princess how are you,0
as i entered my cabin my pa said happy b day boss i felt special she askd me NUMBER lunch after lunch she invited me to her apartment we went there,0
u wake up already thanx NUMBER e tau sar piah it s quite nice,0
k do i need a login or anything,0
dont forget you can place as many free requests with NUMBER stchoice co uk as you wish for more information call NUMBER,1
lol no just was busy,0
what u wearing,0
message some text missing sender name missing number missing sent date missing missing u a lot thats y everything is missing sent via fullonsms com,0
oh as usual vijay film or its different,0
i don t know u and u don t know me send chat to NUMBER now and let s find each other only NUMBER p msg rcvd hg suite NUMBER NUMBER lands row w NUMBER j NUMBER hl ldn NUMBER years or over,1
have you had a good day mine was really busy are you up to much tomorrow night,0
and is there a way you can send shade s stuff to her and she has been wonderful too,0
really i tot ur paper ended long ago but wat u copied jus now got use u happy lar i still haf NUMBER study,0
thank you winner notified by sms good luck no future marketing reply stop to NUMBER customer services NUMBER,1
babe i lost you,0
ok help me ask if she s working tmr a not,0
i m not driving raining then i ll get caught at e mrt station lor,0
not a drop in the tank,0
that said can you text him one more time,0
sorry i ll call later,0
ok i go change also,0
NUMBER s of girls many local NUMBER u who r virgins NUMBER this r ready NUMBER NUMBER fil ur every sexual need can u NUMBER fil theirs text cute to NUMBER NUMBER NUMBER p m,1
did u find a sitter for kaitlyn i was sick and slept all day yesterday,0
sorry man accidentally left my phone on silent last night and didn t check it til i got up,0
hey something came up last min think i wun be signing up tmr hee,0
he s an adult and would learn from the experience there s no real danger i just dont like peeps using drugs they dont need but no comment,0
hey there s veggie pizza,0
yun buying but school got offer NUMBER plus only,0
you sure your neighbors didnt pick it up,0
k i will sent it again,0
free entry in NUMBER a wkly comp to win fa cup final tkts NUMBER st may NUMBER text fa to NUMBER to receive entry question std txt rate t c s apply NUMBER over NUMBER s,1
new theory argument wins d situation but loses the person so dont argue with ur friends just kick them amp say i m always correct,0
well im computerless time to make some oreo truffles,0
haha yeah i see that now be there in a sec,0
i am not having her number sir,0
lol now i m after that hot air balloon,0
ok now i am in bus if i come soon i will come otherwise tomorrow,0
msgs r not time pass they silently say that i am thinking of u right now and also making u think of me at least NUMBER a moment gd nt swt drms shesil,0
yeah we can probably swing by once my roommate finishes up with his girl,0
got what it takes NUMBER take part in the wrc rally in oz u can with lucozade energy text rally le to NUMBER NUMBER p see packs or lucozade co uk wrc itcould be u,1
happy new years melody,0
dun need to pick ur gf,0
yay you better not have told that to NUMBER other girls either,0
horrible u eat macs eat until u forgot abt me already rite u take so long NUMBER reply i thk it s more toot than b NUMBER so b prepared now wat shall i eat,0
did he say how fantastic i am by any chance or anything need a bigger life lift as losing the will NUMBER live do you think i would be the first person NUMBER die from n v q,0
just nw i came to hme da,0
i m outside islands head towards hard rock and you ll run into me,0
to day class is there are no class,0
i m in chennai velachery,0
you flippin your shit yet,0
k give me a sec breaking a lt gt at cstore,0
am i that much bad to avoid like this,0
yo you around just got my car back,0
annoying isn t it,0
goodmorning today i am late for lt gt min,0
there s no point hangin on to mr not right if he s not makin u happy,0
all will come alive better correct any good looking figure there itself,0
in that case i guess i ll see you at campus lodge,0
we re done,0
come to my home for one last time i wont do anything trust me,0
i was up all night too worrying about this appt it s a shame we missed a girls night out with quizzes popcorn and you doing my hair,0
sex up ur mobile with a free sexy pic of jordan just text babe to NUMBER then every wk get a sexy celeb pocketbabe co uk NUMBER more pics NUMBER NUMBER wk NUMBER,1
ok c ya,0
you have NUMBER new voicemail please call NUMBER,1
what he said is not the matter my mind saying some other matter is there,0
he also knows about lunch menu only da i know,0
al he does is moan at me if n e thin goes wrong its my fault al de arguments r my fault fed up of him of himso y bother hav NUMBER go thanx xx,0
neft transaction with reference number lt gt for rs lt decimal gt has been credited to the beneficiary account on lt gt at lt time gt lt gt,0
otherwise had part time job na tuition,0
i know she called me,0
me also da i feel yesterday night wait til NUMBER day night dear,0
thanks for understanding i ve been trying to tell sura that,0
win a year supply of cds NUMBER a store of ur choice worth NUMBER enter our NUMBER weekly draw txt music to NUMBER ts cs URL,1
the whole car appreciated the last two dad and are having a map reading semi argument but apart from that things are going ok p,0
as a sim subscriber you are selected to receive a bonus get it delivered to your door txt the word ok to no NUMBER to claim NUMBER p msg exp NUMBER apr,1
i need you to be in my strong arms,0
also maaaan are you missing out,0
his bday real is in april,0
guessin you ain t gonna be here before NUMBER,0
ok then i will come to ur home after half an hour,0
yo the game almost over want to go to walmart soon,0
yeah probably but not sure ilol let u know but personally i wuldnt bother then again if ur goin to then i mite as well,0
i ll text now all creepy like so he won t think that we forgot,0
that would be good i ll phone you tomo lunchtime shall i to organise something,0
you have NUMBER new voicemail please call NUMBER,1
damn can you make it tonight or do you want to just wait til tomorrow,0
k k i m also fine when will you complete the course,0
true it is passable and if you get a high score and apply for phd you get NUMBER years of salary so it makes life easier,0
no NUMBER nokia tone NUMBER ur mob every week just txt nok to NUMBER NUMBER st tone free so get txtin now and tell ur friends NUMBER p tone NUMBER reply hl NUMBER info,1
prakesh is there know,0
teach me apps da when you come to college,0
rofl betta invest in some anti aging products,0
you are a winner u have been specially selected NUMBER receive NUMBER cash or a NUMBER holiday flights inc speak to a live operator NUMBER claim NUMBER,1
sir you will receive the account no another NUMBER hr time sorry for the delay,0
reply with your name and address and you will receive by post a weeks completely free accommodation at various global locations URL ph NUMBER p,1
so ll be submitting da project tmr rite,0
free entry into our NUMBER weekly comp just send the word enter to NUMBER now NUMBER t c URL cust care NUMBER,1
jus ans me lar u ll noe later,0
i want to send something that can sell fast lt gt k is not easy money,0
have got few things to do may be in pub later,0
NUMBER s finish meeting call me,0
lol ok i ll snatch her purse too,0
hello drivby NUMBER quit edrunk sorry iff pthis makes no senrd dnot no how dancce NUMBER drum n basq ihave fun NUMBER nhite x ros xxxxxxx,0
your opinion about me NUMBER over NUMBER jada NUMBER kusruthi NUMBER lovable NUMBER silent NUMBER spl character NUMBER not matured NUMBER stylish NUMBER simple pls reply,0
how much are we getting,0
is ur paper in e morn or aft tmr,0
dear relieved of westonzoyland all going to plan this end too,0
hope you are having a great new semester do wish you the very best you are made for greatness,0
oh yes i can speak txt NUMBER u no hmm did u get email,0
i want to show you the world princess how about europe,0
nobody can decide where to eat and dad wants chinese,0
no shoot me i m in the docs waiting room,0
now i m going out NUMBER dinner soon,0
hello which the site to download songs its urgent pls,0
i do know what u mean is the king of not havin credit i m goin NUMBER bed now night night sweet only NUMBER more sleep,0
horrible gal me in sch doing some stuff how come u got mc,0
hi hun im not comin NUMBER nite tell every NUMBER im sorry NUMBER me hope u ava goodtime oli rang melnite ifink it mite b sorted but il explain everythin on mon l NUMBER rs x,0
i call you later don t have network if urgnt sms me,0
ummmmmaah many many happy returns of d day my dear sweet heart happy birthday dear,0
please call NUMBER immediately as there is an urgent message waiting for you,1
yeah like if it goes like it did with my friends imma flip my shit in like half an hour,0
mum say we wan to go then go then she can shun bian watch da glass exhibition,0
what your plan for pongal,0
just wait till end of march when el nino gets himself oh,0
not yet chikku going to room nw i m in bus,0
am also doing in cbe only but have to pay,0
honey boo i m missing u,0
we have sent jd for customer service cum accounts executive to ur mail id for details contact us,0
yo i m at my parents gettin cash good news we picked up a downstem,0
thank you so much when we skyped wit kz and sura we didnt get the pleasure of your company hope you are good we ve given you ultimatum oh we are countin down to aburo enjoy,0
hungry gay guys feeling hungry and up NUMBER it now call NUMBER just NUMBER p min to stop texts call NUMBER NUMBER p min,1
ok no wahala just remember that a friend in need,0
i will see in half an hour,0
im in inperialmusic listening NUMBER the weirdest track ever by leafcutter john sounds like insects being molested someone plumbing remixed by evil men on acid,0
hey sorry i didntgive ya a a bellearlier hunny just been in bedbut mite go NUMBER thepub l NUMBER tr if uwana mt up loads a luv jenxxx,0
seriously tell her those exact words right now,0
can u get NUMBER phone now i wanna chat NUMBER set up meet call me now on NUMBER u can cum here NUMBER moro luv jane xx calls NUMBER minmoremobsemspobox NUMBER po NUMBER wa,1
tee hee off to lecture cheery bye bye,0
sorry chikku my cell got some problem thts y i was nt able to reply u or msg u,0
if you still havent collected the dough pls let me know so i can go to the place i sent it to get the control number,0
ok,0
network operator the service is free for t c s visit NUMBER biz,1
let me know how to contact you i ve you settled in a room lets know you are ok,0
wot u up NUMBER u weirdo,0
can do lor,0
dont put your phone on silent mode ok,0
can i meet at NUMBER as NUMBER where depends on where wan NUMBER in lor,0
waiting NUMBER my tv show NUMBER start lor u leh still busy doing ur report,0
oh ho is this the first time u use these type of words,0
am i the only one who doesn t stalk profiles,0
ever green quote ever told by jerry in cartoon a person who irritates u always is the one who loves u vry much but fails to express it gud nyt,0
yes i thought so thanks,0
but if she s drinkin i m ok,0
just wondering the others just took off,0
night has ended for another day morning has come in a special way may you smile like the sunny rays and leaves your worries at the blue blue bay gud mrng,0
what do you do my dog must i always wait till the end of your day to have word from you did you run out of time on your cell already,0
happy new year to u too,0
hey great deal farm tour NUMBER am to NUMBER pm NUMBER pax NUMBER deposit by NUMBER may,0
eat jap done oso aft ur lect wat got lect at NUMBER rite,0
hey babe i saw you came online for a second and then you disappeared what happened,0
da my birthdate in certificate is in april but real date is today but dont publish it i shall give you a special treat if you keep the secret any way thanks for the wishes,0
happy birthday may all ur dreams come true,0
aiyah u did ok already lar e nydc at wheellock,0
tell her i said eat shit,0
sure i am driving but will reach my destination soon,0
k so am i how much for an NUMBER th fifty,0
your daily text from me a favour this time,0
great to hear you are settling well so what s happenin wit ola,0
those cocksuckers if it makes you feel better ipads are worthless garbage novelty items and you should feel bad for even wanting one,0
i tot u reach liao he said t shirt,0
fran i decided NUMBER go n e way im completely broke an knackered i got up bout NUMBER c u NUMBER mrw love janx p s this is my dads fone no credit,0
i cant pick the phone right now pls send a message,0
your right i ll make the appointment right now,0
designation is software developer and may be she get chennai,0
enjoy the jamster videosound gold club with your credits for NUMBER new videosounds NUMBER logos musicnews get more fun from jamster co uk NUMBER only help call NUMBER,1
get NUMBER lions england tone reply lionm NUMBER mono or lionp NUMBER poly NUMBER more go NUMBER URL the original n best tones NUMBER gbp network operator rates apply,1
i jokin oni lar busy then i wun disturb,0
ok be careful don t text and drive,0
i ll always be there even if its just in spirit i ll get a bb soon just trying to be sure i need it,0
u r too much close to my heart if u go away i will be shattered plz stay with me,0
i love u NUMBER babe r u sure everything is alrite is he being an idiot txt bak girlie,0
how abt making some of the pics bigger,0
got but got NUMBER colours lor one colour is quite light n e other is darker lor actually i m done she s styling my hair now,0
whenevr ur sad whenevr ur gray remembr im here NUMBER listn NUMBER watevr u wanna say jus walk wid me a little while amp i promise i ll bring back ur smile,0
why nothing ok anyway give me treat,0
win the newest harry potter and the order of the phoenix book NUMBER reply harry answer NUMBER questions chance to be the first among readers,1
ok,0
correct so how was work today,0
just sent again do you scream and moan in bed princess,0
i wake up long ago already dunno what other thing,0
oh just getting even with u u,0
i thk NUMBER shd be ok he said plus minus NUMBER did leave a line in between paragraphs,0
can you call me plz your number shows out of coveragd area i have urgnt call in vasai amp have to reach before NUMBER o clock so call me plz,0
yeah jay s sort of a fucking retard,0
sorry was in the bathroom sup,0
ur balance is now NUMBER ur next question is who sang uptown girl in the NUMBER s NUMBER answer txt ur answer to NUMBER good luck,1
my exam is for february NUMBER wish you a great day,0
i dont know what to do to come out of this so only am ask questions like this dont mistake me,0
aight no rush i ll ask jay,0
good morning plz call me sir,0
it s ok lar u sleep early too nite,0
oh icic k lor den meet other day,0
oh a half hour is much longer in syria than canada eh wow you must get so much more work done in a day than us with all that extra time grins,0
sometimes we put walls around our hearts not just to be safe from getting hurt but to find out who cares enough to break the walls amp get closer goodnoon,0
sweet we may or may not go to NUMBER u to meet carlos so gauge patty s interest in that,0
then she buying today no need to c meh,0
aight sorry i take ten years to shower what s the plan,0
every monday nxt week vl be completing,0
might ax well im there,0
just chill for another NUMBER hrs if you could sleep the pain is not a surgical emergency so see how it unfolds okay,0
yeah i ll try to scrounge something up,0
crazy ar he s married like gd looking guys not me my frens like say he s korean leona s fave but i dun thk he is aft some thinking mayb most prob i ll go,0
were somewhere on fredericksburg,0
que pases un buen tiempo or something like that,0
is it ok if i stay the night here xavier has a sleeping bag and i m getting tired,0
she doesnt need any test,0
nothing much chillin at home any super bowl plan,0
free NUMBER day sexy st george s day pic of jordan txt pic to NUMBER dont miss out then every wk a saucy celeb NUMBER more pics c pocketbabe co uk NUMBER NUMBER wk,1
bugis oso near wat,0
yo theres no class tmrw right,0
let ur heart be ur compass ur mind ur map ur soul ur guide and u will never loose in world gnun sent via way NUMBER sms com,0
goodnight sleep well da please take care pa please,0
baaaaabe i misss youuuuu where are you i have to go and teach my class at NUMBER,0
convey my regards to him,0
u ned to convince him tht its not possible witot hurting his feeling its the main,0
good afternoon loverboy how goes you day any luck come your way i think of you sweetie and send my love across the sea to make you smile and happy,0
if i start sending blackberry torch to nigeria will you find buyer for me like NUMBER a month and tell dad not to buy bb from anyone oh,0
lt gt of pple marry with their lovers becz they hav gud undrstndng dat avoids problems i sent dis NUMBER u u wil get gud news on friday by d person you like and tomorrow will be the best day of your life dont break this chain if you break you will suffer send this to lt gt frnds in lt gt mins whn u read,0
yo dude guess who just got arrested the other day,0
shuhui say change NUMBER suntec steamboat u noe where where r u now,0
what does the dance river do,0
yetunde i m sorry but moji and i seem too busy to be able to go shopping can you just please find some other way to get what you wanted us to get please forgive me you can reply free via yahoo messenger,0
hey i will be really pretty late you want to go for the lesson first i will join you i m only reaching tp mrt,0
hot live fantasies call now NUMBER just NUMBER p per min ntt ltd po box NUMBER croydon cr NUMBER NUMBER wb NUMBER k,1
bbq this sat at mine from NUMBER ish ur welcome NUMBER come,0
i don t know same thing that s wrong everyso often he panicks starts goin on bout not bein good enough,0
alright i m out have a good night,0
did you try making another butt,0
hope you are feeling great pls fill me in abiola,0
i though we shd go out n have some fun so bar in town or something sound ok,0
NUMBER go to write msg NUMBER put on dictionary mode NUMBER cover the screen with hand NUMBER press lt gt NUMBER gently remove ur hand its interesting,0
bears pic nick and tom pete and dick in fact all types try gay chat with photo upload call NUMBER NUMBER p min NUMBER stop texts call NUMBER,1
NUMBER new mobiles from NUMBER must go txt nokia to no NUMBER collect yours today from only NUMBER URL NUMBER optout NUMBER NUMBER gbp mtmsg NUMBER txtauction,1
we re finally ready fyi,0
auntie huai juan never pick up her phone,0
double mins double txt NUMBER NUMBER price linerental on latest orange bluetooth mobiles call mobileupd NUMBER for the very latest offers NUMBER or call NUMBER optout lf NUMBER,1
ya tel wats ur problem,0
no NUMBER nokia tone NUMBER ur mob every week just txt nok to NUMBER NUMBER st tone free so get txtin now and tell ur friends NUMBER p tone NUMBER reply hl NUMBER info,1
i dnt wnt to tlk wid u,0
we spend our days waiting for the ideal path to appear in front of us but what we forget is paths are made by walking not by waiting goodnight,0
its ok my arm is feeling weak cuz i got a shot so we can go another time,0
please reserve ticket on saturday eve from chennai to thirunelvali and again from tirunelvali to chennai on sunday eve i already see in net no ticket available i want to book ticket through tackle,0
storming msg wen u lift d phne u say hello do u knw wt is d real meaning of hello it s d name of a girl yes and u knw who is dat girl margaret hello she is d girlfrnd f grahmbell who invnted telphone moral one can NUMBER get d name of a person bt not his girlfrnd g o o d n i g h t,0
that s ok i popped in to ask bout something and she said you d been in are you around tonght wen this girl comes,0
all e best NUMBER ur exam later,0
hope ur head doesn t hurt NUMBER much am ploughing my way through a pile of ironing staying in with a chinky tonight come round if you like,0
oh k i think most of wi and nz players unsold,0
haha where got so fast lose weight thk muz go NUMBER a month den got effect gee later we go aust put bk e weight,0
i wonder how you got online my love had you gone to the net cafe did you get your phone recharged were you on a friends net i think of you boytoy,0
haha just kidding papa needs drugs,0
thk shld b can ya i wana go NUMBER lessons haha can go for one whole stretch,0
oh ok,0
r we still meeting NUMBER dinner tonight,0
thats cool i am a gentleman and will treat you with dignity and respect,0
shall i start from hear,0
then we wait NUMBER u lor no need NUMBER feel bad lar,0
no did you check i got his detailed message now,0
you have registered sinco as payee log in at icicibank com and enter urn lt gt to confirm beware of frauds do not share or disclose urn to anyone,0
no i decided that only people who care about stuff vote and caring about stuff is for losers,0
kaiez enjoy ur tuition gee thk e second option sounds beta i ll go yan jiu den msg u,0
you have registered sinco as payee log in at icicibank com and enter urn lt gt to confirm beware of frauds do not share or disclose urn to anyone,0
cool we will have fun practicing making babies,0
actually getting ready to leave the house,0
k k any special today,0
urgent important information for o NUMBER user today is your lucky day NUMBER find out why log onto URL there is a fantastic surprise awaiting for you,1
then we gotta do it after that,0
i ve got ten bucks jay is being noncomittal,0
where at were hungry too,0
pls speak to that customer machan,0
somewhere out there beneath the pale moon light someone think in of u some where out there where dreams come true goodnite amp sweet dreams,0
wen ur lovable bcums angry wid u dnt take it seriously coz being angry is d most childish n true way of showing deep affection care n luv kettoda manda have nice day da,0
dear u ve been invited to xchat this is our final attempt to contact u txt chat to NUMBER NUMBER p msgrcvdhg suite NUMBER NUMBER lands row w NUMBER j NUMBER hl ldn NUMBER yrs,1
so wats ur opinion abt him and how abt is character,0
jay is snickering and tells me that x is totally fucking up the chords as we speak,0
no few hours before went to hair cut,0
no wonder cos i dun rem seeing a silver car but i thk i saw a black one,0
lmao take a pic and send it to me,0
speak only when you feel your words are better than the silence gud mrng,0
no she s currently in scotland for that,0
do you work all this week,0
congratulations ur awarded either NUMBER of cd gift vouchers free entry NUMBER our NUMBER weekly draw txt music to NUMBER tncs URL NUMBER win NUMBER ppmx NUMBER age NUMBER,1
lol great now im getting hungry,0
yes now only saw your message,0
i ll be at mu in like lt gt seconds,0
ok,0
thing r good thanx got exams in march ive done no revision is fran still with boyf ive gotta interviw NUMBER exeter bit worried x,0
tell you what if you make a little spreadsheet and track whose idea it was to smoke to determine who smokes too much for the entire month of february i ll come up,0
for sale arsenal dartboard good condition but no doubles or trebles,1
don t look back at the building because you have no coat and i don t want you to get more sick just hurry home and wear a coat to the gym,0
my painful personal thought i always try to keep everybody happy all the time but nobody recognises me when i am alone,0
thanks for ve lovely wisheds you rock,0
you intrepid duo you have a great time and see you both soon,0
i asked sen to come chennai and search for job,0
dad went out oredi,0
i jus hope its true that missin me cos i m really missin him you haven t done anything to feel guilty about yet,0
wat so late still early mah or we juz go NUMBER dinner lor aiya i dunno,0
arms fine how s cardiff and uni,0
in fact when do you leave i think addie goes back to school tues or wed,0
cool breeze bright sun fresh flower twittering birds all these waiting to wish u goodmorning amp have a nice day,0
ya going for restaurant,0
its ok i just askd did u knw tht no,0
free NUMBER st week entry NUMBER textpod NUMBER a chance NUMBER win NUMBER gb ipod or NUMBER cash every wk txt pod to NUMBER ts cs URL custcare NUMBER,1
those ducking chinchillas,0
i am in a marriage function,0
looks like u wil b getting a headstart im leaving here bout NUMBER NUMBER ish but if u r desperate for my company i could head in earlier we were goin to meet in rummer,0
don t give a flying monkeys wot they think and i certainly don t mind any friend of mine and all that,0
as a registered optin subscriber ur draw NUMBER NUMBER gift voucher will be entered on receipt of a correct ans to NUMBER whats no NUMBER in the bbc charts,1
say thanks NUMBER,0
msg me when rajini comes,0
ya when are taking ure practical lessons i start in june,0
that s good because i need drugs,0
stupid its not possible,0
can all decide faster cos my sis going home liao,0
summers finally here fancy a chat or flirt with sexy singles in yr area to get matched up just reply summer now free NUMBER join optout txt stop help NUMBER,1
u sleeping now or you going to take haha i got spys wat me online checking n replying mails lor,0
claire here am havin borin time am now alone u wanna cum over NUMBER nite chat now NUMBER hope NUMBER c u luv claire xx calls NUMBER minmoremobsemspobox NUMBER po NUMBER wa,1
fighting with the world is easy u either win or lose bt fightng with some NUMBER who is close to u is dificult if u lose u lose if u win u still lose,0
bought one ringtone and now getting texts costing NUMBER pound offering more tones etc,1
yalru lyfu astne chikku bt innu mundhe lyf ali halla ke bilo marriage program edhae so lyf is nt yet ovr chikku ali vargu lyfu meow meow d,0
kinda first one gets in at twelve aah speak tomo,0
NUMBER urgent your mobile no NUMBER xxxxxxxxx won a NUMBER NUMBER bonus caller prize on NUMBER NUMBER NUMBER this is the NUMBER nd attempt to reach you call NUMBER asap,1
ok good then i later come find c lucky i told to go earlier later pple take finish no more again,0
wat makes u thk i ll fall down but actually i thk i m quite prone NUMBER falls lucky my dad at home i ask him come n fetch me already,0
you NUMBER are guaranteed the latests nokia phone a NUMBER gb ipod mp NUMBER player or a NUMBER prize txt word collect to no NUMBER tc llc ny usa NUMBER p mt msgrcvd NUMBER,1
your account has been refilled successfully by inr lt decimal gt your keralacircle prepaid account balance is rs lt decimal gt your transaction id is kr lt gt,0
i wont touch you with out your permission,0
hi its lucy hubby at meetins all day fri i will b alone at hotel u fancy cumin over pls leave msg NUMBER day NUMBER lucy x calls NUMBER minmobsmorelkpobox NUMBER hp NUMBER fl,1
NUMBER wonders in my world NUMBER th you NUMBER th ur style NUMBER th ur smile NUMBER th ur personality NUMBER rd ur nature NUMBER nd ur sms and NUMBER st ur lovely friendship good morning dear,0
take some small dose tablet for fever,0
oh u must have taken your real valentine out shopping first,0
just sent you an email to an address with incomm in it is that right,0
will do you gonna be at blake s all night i might be able to get out of here a little early,0
friendship is not a game to play it is not a word to say it doesn t start on march and ends on may it is tomorrow yesterday today and e,0
nice wait should you be texting right now i m not gonna pay your ticket ya know,0
i m watching lotr w my sis dis aft so u wan NUMBER meet me NUMBER dinner at nite a not,0
why you keeping me away like this,0
i think its far more than that but find out check google maps for a place from your dorm,0
my trip was ok but quite tiring lor uni starts today but it s ok NUMBER me cos i m not taking any modules but jus concentrating on my final yr project,0
have you always been saying welp,0
i m a guy browsin is compulsory,0
ok,0
purity of friendship between two is not about smiling after reading the forwarded message its about smiling just by seeing the name gud evng musthu,0
sorry i ll call later,0
i should add that i don t really care and if you can t i can at least get this dude to fuck off but hey your money if you want it,0
hello lover how goes that new job are you there now are you happy do you think of me i wake my slave and send you a teasing kiss from across the sea,0
i told your number to gautham,0
tell them no need to investigate about me anywhere,0
ok i juz receive,0
cant believe i said so many things to you this morning when all i really wanted to say was good morning i love you have a beautiful morning see you in the library later,0
your account has been credited with NUMBER free text messages to activate just txt the word credit to no NUMBER t cs URL,1
in the end she might still vomit but its okay not everything will come out,0
how are you with money as in to you money aint a thing how are you sha,0
it has everything to do with the weather keep extra warm its a cold but nothing serious pls lots of vitamin c,0
hey gals anyone of u going down to e driving centre tmr,0
i m always on yahoo messenger now just send the message to me and i ll get it you may have to send it in the mobile mode sha but i ll get it and will reply,0
i m putting it on now it should be ready for lt time gt,0
time n smile r the two crucial things in our life sometimes time makes us to forget smile and sometimes someone s smile makes us to forget time gud noon,0
sms ac jsco energy is high but u may not know where NUMBER channel it NUMBER day ur leadership skills r strong psychic reply ans w question end reply end jsco,1
host based idps for linux systems,0
hot live fantasies call now NUMBER just NUMBER p per min ntt ltd po box NUMBER croydon cr NUMBER NUMBER wb NUMBER is a national rate call,1
don no da whats you plan,0
ill be there on lt gt ok,0
oh my god i m almost home,0
total video converter free download type this in google search,0
thanks for the vote now sing along with the stars with karaoke on your mobile for a free link just reply with sing now,1
wen ur lovable bcums angry wid u dnt take it seriously coz being angry is d most childish n true way of showing deep affection care n luv kettoda manda have nice day da,0
sounds like something that someone testing me would sayy,0
when u love someone dont make them to love u as much as u do but love them so much that they dont want to be loved by anyone except you gud nit,0
pete is this your phone still its jenny from college and leanne what are you up to now,0
oops sorry just to check that you don t mind picking me up tomo at half eight from station would that be ok,0
hey sweet i was wondering when you had a moment if you might come to me i want to send a file to someone but it won t go over yahoo for them because their connection sucks remember when you set up that page for me to go to and download the format disc could you tell me how to do that or do you know some other way to download big files because they can download stuff directly from the internet any help would be great my prey teasing kiss,0
hows the champ just leaving glasgow,0
k all the best congrats,0
i wonder if you ll get this text,0
i need to come home and give you some good lovin,0
our brand new mobile music service is now live the free music player will arrive shortly just install on your phone to browse content from the top artists,1
shall i ask one thing if you dont mistake me,0
check wid corect speling i e sarcasm,0
urgent your mobile no was awarded a NUMBER NUMBER bonus caller prize on NUMBER NUMBER NUMBER this is our NUMBER nd attempt to contact you call NUMBER NUMBER NUMBER box NUMBER qu bt national rate,1
are you angry with me what happen dear,0
i thk u dun haf NUMBER hint in e forum already lor cos i told ron n darren is going NUMBER tell shuhui,0
yup ok thanx,0
hi cts employee how are you,0
pls pls find out from aunt nike,0
wow i love you sooo much you know i can barely stand it i wonder how your day goes and if you are well my love i think of you and miss you,0
no screaming means shouting,0
hey what happen de are you alright,0
should i have picked up a receipt or something earlier,0
i think chennai well settled,0
oh dang i didn t mean o send that to you lol,0
unfortunately i ve just found out that we have to pick my sister up from the airport that evening so don t think i ll be going out at all we should try to go out one of th,0
horrible bf i now v hungry,0
remember on that day,0
you have won a nokia NUMBER i this is what you get when you win our free auction to take part send nokia to NUMBER now hg suite NUMBER NUMBER lands row w NUMBER jhl NUMBER,1
how s it feel mr your not my real valentine just my yo valentine even tho u hardly play,0
all sounds good fingers makes it difficult to type,0
midnight at the earliest,0
you re not sure that i m not trying to make xavier smoke because i don t want to smoke after being told i smoke too much,0
k come to nordstrom when you re done,0
do u konw waht is rael friendship im gving yuo an exmpel jsut ese tihs msg evrey splleing of tihs msg is wrnog bt sitll yuo can raed it wihtuot ayn mitsake goodnight amp have a nice sleep sweet dreams,0
now press conference da,0
hello from orange for NUMBER month s free access to games news and sport plus NUMBER free texts and NUMBER photo messages reply yes terms apply URL,1
after completed degree there is no use in joining finance,0
good afternoon my love any job prospects are you missing me what do you do are you being lazy and bleak hmmm or happy and filled with my love,0
shant disturb u anymore jia you,0
bishan lar nearer no need buy so early cos if buy now i gotta park my car,0
me i dont know again oh,0
dude sux for snake he got old and raiden got buff,0
he says hi and to get your ass back to south tampa preferably at a kegger,0
in e msg jus now u said thanks for gift,0
u too,0
ok how you dear did you call chechi,0
yeah we do totes when u wanna,0
ok i found dis pierre cardin one which looks normal costs NUMBER its on sale,0
good sleep is about rhythm the person has to establish a rhythm that the body will learn and use if you want to know more,0
wat r u doing,0
message from i am at truro hospital on ext you can phone me here as i have a phone by my side,0
single line with a big meaning miss anything NUMBER ur best life but don t miss ur best life for anything gud nyt,0
just got some gas money any chance you and the gang want to go on a grand nature adventure,0
dnt worry use ice pieces in a cloth pack also take NUMBER tablets,0
dude just saw a parked car with its sunroof popped up sux,0
get ready to put on your excellent sub face,0
tmrw im finishing NUMBER doors,0
the lt gt g that i saw a few days ago the guy wants sell wifi only for lt gt and with NUMBER g for lt gt that s why i blanked him,0
i am late i will be there at,0
whatever im pretty pissed off,0
today is accept day u accept me as brother sister lover dear NUMBER best NUMBER clos NUMBER lvblefrnd jstfrnd cutefrnd lifpartnr belovd swtheart bstfrnd no rply means enemy,0
i dont have that much image in class,0
no i got rumour that you going to buy apartment in chennai,0
near kalainar tv office thenampet,0
ur cash balance is currently NUMBER pounds to maximize ur cash in now send go to NUMBER only NUMBER p msg cc NUMBER hg suite NUMBER NUMBER lands row w NUMBER j NUMBER hl,1
sms auction a brand new nokia NUMBER is up NUMBER auction today auction is free NUMBER join take part txt nokia to NUMBER now hg suite NUMBER NUMBER lands row w NUMBER j NUMBER hl,1
my sis is catching e show in e afternoon so i m not watching w her so c u wan NUMBER watch today or tmr lor,0
sounds gd haha can wah u yan jiu so fast liao,0
no to be nosy i guess idk am i over reacting if i m freaked,0
remember all those whom i hurt during days of satanic imposter in me need to pay a price so be it may destiny keep me going and as u said pray that i get the mind to get over the same,0
how to make a girl happy it s not at all difficult to make girls happy u only need to be NUMBER a friend NUMBER companion NUMBER lover NUMBER chef lt gt good listener lt gt organizer lt gt good boyfriend lt gt very clean lt gt sympathetic lt gt athletic lt gt warm lt gt courageous lt gt determined lt gt true lt gt dependable lt gt intelligent lt gt psychologist lt gt pest exterminator lt gt psychiatrist lt gt healer lt gt stylist lt gt driver aaniye pudunga venaam,0
why is that princess i bet the brothas are all chasing you,0
i shall book chez jules for half eight if that s ok with you,0
hhahhaahahah rofl wtf nig was leonardo in your room or something,0
yep at derek s house now see you sunday lt NUMBER,0
it s cool let me know before it kicks off around lt gt i ll be out and about all day,0
sorry i ll call later,0
i was wondering if it would be okay for you to call uncle john and let him know that things are not the same in nigeria as they r here that lt gt dollars is NUMBER years sent and that you know its a strain but i plan to pay back every dime he gives every dime so for me to expect anything from you is not practical something like that,0
there are no other charges after transfer charges and you can withdraw anyhow you like,0
dont search love let love find u thats why its called falling in love bcoz u dont force yourself u just fall and u know there is smeone to hold u bslvyl,0
at NUMBER let s go to bill millers,0
i love you you set my soul on fire it is not just a spark but it is a flame a big rawring flame xoxo,0
somewhr someone is surely made NUMBER u and god has decided a perfect time to make u meet dat person till den enjoy ur crushes,0
that s my honeymoon outfit,0
will it help if we propose going back again tomorrow,0
private your NUMBER account statement for shows NUMBER un redeemed s i m points call NUMBER identifier code NUMBER expires NUMBER NUMBER NUMBER,1
never blame a day in ur life good days give u happiness bad days give u experience both are essential in life all are gods blessings good morning,0
pls confirm the time to collect the cheque,0
as a registered subscriber yr draw NUMBER a NUMBER gift voucher will b entered on receipt of a correct ans when are the next olympics txt ans to NUMBER,1
urgent your mobile number has been awarded with a NUMBER prize guaranteed call NUMBER from land line claim NUMBER valid NUMBER hrs only NUMBER ppm,1
daddy will take good care of you,0
yeah probably i still gotta check out with leo,0
k then any other special,0
carlos is taking his sweet time as usual so let me know when you and patty are done want to smoke and i ll tell him to haul ass,0
ok pa nothing problem,0
have you heard about that job i m going to that wildlife talk again tonight if u want NUMBER come its that NUMBER worzels and a wizzle or whatever it is,0
god picked up a flower and dippeditinadew lovingly touched itwhichturnedinto u and the he gifted tomeandsaid this friend is NUMBER u,0
when you came to hostel,0
ok no prob i ll come after lunch then,0
jus telling u dat i ll b leaving NUMBER shanghai on NUMBER st instead so we ll haf more time NUMBER meet up cya,0
are your freezing are you home yet will you remember to kiss your mom in the morning do you love me do you think of me are you missing me yet,0
you all ready for big day tomorrow,0
i ll probably be around mu a lot,0
NUMBER,0
rt king pro video club need help info ringtoneking co uk or call NUMBER you must be NUMBER club credits redeemable at URL enjoy,1
thnx dude u guys out NUMBER nite,0
me sef dey laugh you meanwhile how s my darling anjie,0
mm i had my food da from out,0
k makes sense btw carlos is being difficult so you guys are gonna smoke while i go pick up the second batch and get gas,0
did u download the fring app,0
the NUMBER oz guy is being kinda flaky but one friend is interested in picking up lt gt worth tonight if possible,0
friends that u can stay on fb chat with,0
fuck babe i miss you sooooo much i wish you were here to sleep with me my bed is so lonely i go now to sleep to dream of you my love,0
living is very simple loving is also simple laughing is too simple winning is tooo simple but being simple is very difficult gud nte,0
u have a secret admirer who is looking NUMBER make contact with u find out who they r reveal who thinks ur so special call on NUMBER,1
ah well that confuses things doesn t it,0
NUMBER free text msgs just text ok to NUMBER and we ll credit your account,1
hi dear call me its urgnt i don t know whats your problem you don t want to work or if you have any other problem at least tell me wating for your reply,0
dear how you are you ok,0
you have been selected to stay in NUMBER of NUMBER top british hotels for nothing holiday worth NUMBER to claim call london NUMBER bx NUMBER sw NUMBER ss,1
yes princess i want to make you happy,0
sounds like you have many talents would you like to go on a dinner date next week,0
i am going to film NUMBER day da at NUMBER pm sorry da,0
we not watching movie already xy wants NUMBER shop so i m shopping w her now,0
hello my little party animal i just thought i d buzz you as you were with your friends grins reminding you were loved and send a naughty adoring kiss,0
yesterday its with me only now am going home,0
eerie nokia tones NUMBER u rply tone title to NUMBER eg tone dracula to NUMBER titles ghost addamsfa munsters exorcist twilight URL pobox NUMBER w NUMBER wq NUMBER p,1
you have come into my life and brought the sun shiny down on me warming my heart putting a constant smile on my face making me feel loved and cared for,0
no shit but i wasn t that surprised so i went and spent the evening with that french guy i met in town here and we fooled around a bit but i didn t let him fuck me,0
NUMBER a networks allow companies to bill for sms so they are responsible for their suppliers just as a shop has to give a guarantee on what they sell b g,1
great comedy cant stop laughing da,0
freemsg feelin kinda lnly hope u like NUMBER keep me company jst got a cam moby wanna c my pic txt or reply date to NUMBER msg NUMBER p NUMBER rcv hlp NUMBER stop to NUMBER,1
alright we re all set here text the man,0
hi where are you we re at and they re not keen to go out i kind of am but feel i shouldn t so can we go out tomo don t mind do you,0
sleeping nt feeling well,0
u will switch your fone on dammit,0
india have to take lead,0
i ll post her out l NUMBER r in class,0
thts wat wright brother did to fly,0
evening v good if somewhat event laden will fill you in don t you worry head ok but throat wrecked see you at six then,0
if u laugh really loud if u talk spontaneously if u dont care what others feel u are probably with your dear amp best friends goodevening dear,0
its a laptop take it with you,0
i dont have any of your file in my bag i was in work when you called me i ll tell you if i find anything in my room,0
i wan but too early lei me outside now wun b home so early neva mind then,0
for ur chance to win a NUMBER cash every wk txt action to NUMBER t s c s URL custcare NUMBER NUMBER x NUMBER p wk,1
i was at bugis juz now wat but now i m walking home oredi so late then reply i oso saw a top dat i like but din buy where r now,0
wishing you and your family merry x mas and happy new year in advance,0
at NUMBER we will go ok na,0
yes i posted a couple of pics on fb there s still snow outside too i m just waking up,0
s if we have one good partnership going we will take lead,0
rgent this is the NUMBER nd attempt to contact u u have won NUMBER call NUMBER b NUMBER NUMBER t csbcm NUMBER wc NUMBER n NUMBER xx callcost NUMBER ppm mobilesvary max NUMBER NUMBER,1
yeah where s your class at,0
no just send to you bec you in temple na,0
you aren t coming home between class right i need to work out and shower,0
hi if ur lookin NUMBER saucy daytime fun wiv busty married woman am free all next week chat now NUMBER sort time NUMBER janinexx calls NUMBER minmobsmorelkpobox NUMBER hp NUMBER fl,1
s but mostly not like that,0
v ma fan,0
dunno cos i was v late n when i reach they inside already but we ate spageddies lor it s e gals who r laughing at me lor,0
guess who spent all last night phasing in and out of the fourth dimension,0
so now my dad is gonna call after he gets out of work and ask all these crazy questions,0
yes but they said its it,0
very hurting n meaningful lines ever i compromised everything for my love but at d end my love compromised me for everything gud mornin,0
lmao nice NUMBER,0
glad to see your reply,0
urgent we are trying to contact u todays draw shows that you have won a NUMBER prize guaranteed call NUMBER from land line claim a NUMBER valid NUMBER hrs only,1
monthly password for wap mobsi com is NUMBER use your wap phone not pc,1
nah dub but je still buff,0
painful words i thought being happy was the most toughest thing on earth but the toughest is acting happy with all unspoken pain inside,0
yeah that s fine it s NUMBER to get in is that ok,0
lol where do u come up with these ideas,0
so many people seems to be special at first sight but only very few will remain special to you till your last sight maintain them till life ends sh jas,0
today is song dedicated day which song will u dedicate for me send this to all ur valuable frnds but first rply me,0
okay we wait ah,0
y lei,0
hi babe u r most likely to be in bed but im so sorry about tonight i really wanna see u tomorrow so call me at NUMBER love me xxx,0
already am squatting is the new way of walking,0
do you want bold NUMBER or bb torch,0
cramps stopped going back to sleep,0
todays vodafone numbers ending with NUMBER my last four digits are selected to received a NUMBER award if your number matches please call NUMBER to claim your NUMBER award,1
free top ringtone sub to weekly ringtone get NUMBER st week free send subpoly to NUMBER NUMBER per week stop sms NUMBER,1
nan sonathaya soladha why boss,0
bring tat cd don forget,0
sunshine quiz wkly q win a top sony dvd player if u know which country the algarve is in txt ansr to NUMBER NUMBER NUMBER sp tyrone,1
i don t know but i m raping dudes at poker,0
weightloss no more girl friends make loads of money on ebay or something and give thanks to god,0
was gr NUMBER to see that message so when r u leaving congrats dear what school and wat r ur plans,0
eatin later but i m eatin wif my frens now lei going home first,0
finish already yar they keep saying i mushy i so embarrassed ok,0
sorry man my stash ran dry last night and i can t pick up more until sunday,0
hai priya are you right what doctor said pa where are you,0
free msg sorry a service you ordered from NUMBER could not be delivered as you do not have sufficient credit please top up to receive the service,1
ok,0
please ask mummy to call father,0
can come my room but cannot come my house cos my house still messy haha,0
i have lost NUMBER kilos as of today,0
just taste fish curry p,0
what can i do might accidant tookplace between somewhere ghodbandar rd traffic moves slovely so plz slip amp don t worry,0
yun ah now wkg where btw if go nus sc wana specialise in wad,0
yes i am a one woman man please tell me your likes and dislikes in bed,0
was doing my test earlier i appreciate you will call you tomorrow,0
how s my loverboy doing what does he do that keeps him from coming to his queen hmmm doesn t he ache to speak to me miss me desparately,0
u meet other fren dun wan meet me ah muz b a guy rite,0
no promises on when though haven t even gotten dinner yet,0
i got your back do you have any dislikes in bed,0
o turns out i had stereo love on mi phone under the unknown album,0
hard live NUMBER chat just NUMBER p min choose your girl and connect live call NUMBER now cheap chat uk s biggest live service vu bcm NUMBER wc NUMBER n NUMBER xx,1
yeah i don t see why not,0
asking do u knw them or nt may be ur frnds or classmates,0
sorry about earlier putting out fires are you around to talk after NUMBER or do you actually have a life lol,0
wow the boys r back take that NUMBER uk tour win vip tickets pre book with vip club txt club to NUMBER trackmarque ltd info vipclub NUMBER u,1
as in missionary hook up doggy hook up standing,0
then u better go sleep dun disturb u liao u wake up then msg me lor,0
fighting with the world is easy u either win or lose bt fightng with some NUMBER who is close to u is dificult if u lose u lose if u win u still lose,0
am watching house very entertaining am getting the whole hugh laurie thing even with the stick indeed especially with the stick,0
thought praps you meant another one goodo i ll look tomorrow,0
hi jon pete here ive bin NUMBER spain recently hav sum dinero left bill said u or ur rents mayb interested in it i hav NUMBER NUMBER pes so around NUMBER tb james,0
there bold NUMBER lt gt is that yours,0
you know there is i shall speak to you in lt gt minutes then,0
alrite hunny wot u up NUMBER NUMBER nite didnt end up goin down town jus da pub instead jus chillin at da mo in me bedroom love jen xxx,0
i went to project centre,0
as per your request maangalyam alaipayuthe has been set as your callertune for all callers press NUMBER to copy your friends callertune,0
lol yeah at this point i guess not,0
doing project w frens lor,0
lol well quality aint bad at all so i aint complaining,0
k can that happen tonight,0
hi this is mandy sullivan calling from hotmix fm you are chosen to receive NUMBER NUMBER in our easter prize draw please telephone NUMBER to claim before NUMBER NUMBER NUMBER or your prize will be transferred to someone else,1
i think we re going to finn s now come,0
why tired what special there you had,0
i will come tomorrow di,0
i cant pick the phone right now pls send a message,0
k go and sleep well take rest,0
u guys never invite me anywhere,0
ur going NUMBER bahamas callfreefone NUMBER and speak to a live operator to claim either bahamas cruise of NUMBER cash NUMBER only to opt out txt x to NUMBER,1
i can do that i want to please you both inside and outside the bedroom,0
ey calm downon theacusations itxt u cos iwana know wotu r doin at thew end haventcn u in ages ring me if ur up NUMBER nething sat love j xxx,0
i love to wine and dine my lady,0
someone has conacted our dating service and entered your phone because they fancy you to find out who it is call from landline NUMBER pobox NUMBER n NUMBER tf NUMBER,1
i m cool ta luv but v tired NUMBER cause i have been doin loads of planning all wk we have got our social services inspection at the nursery take care spk sn x,0
i don know account details i will ask my mom and send you my mom is out of reach now,0
i think u have the wrong number,0
feel yourself that you are always happy slowly it becomes your habit amp finally it becomes part of your life follow it happy morning amp have a happy day,0
do not b late love mum,0
got it mail panren paru,0
was thinking about chuckin ur red green n black trainners NUMBER save carryin them bac on train,0
give one miss from that number please,0
jus came back fr lunch wif my sis only u leh,0
how is your schedule next week i am out of town this weekend,0
really good dhanush rocks once again,0
lmao ok i wont be needing u to do my hair anymore,0
miss ya need ya want ya love ya,0
sorry i m not free,0
do u ever get a song stuck in your head for no reason and it won t go away til u listen to it like NUMBER times,0
nt yet chikku simple habba hw abt u,0
got ur mail dileep thank you so muchand look forward to lots of support very less contacts here remember one venugopal you mentioned tomorrow if not late i shall try to come up till there goodnight dear,0
sometimes heart remembrs someone very much forgets someone soon bcoz heart will not like everyone but liked ones will be remembered everytime bslvyl,0
joy s father is john then john is the name of joy s father mandan,0
hi NUMBER ibh customer loyalty offer the new nokia NUMBER mobile from only NUMBER at txtauction txt word start to no NUMBER get yours now NUMBER t,1
hi this is yijue it s regarding the NUMBER textbook it s intro to algorithms second edition i m selling it for NUMBER,0
sms auction you have won a nokia NUMBER i this is what you get when you win our free auction to take part send nokia to NUMBER now hg suite NUMBER NUMBER lands row w NUMBER jhl NUMBER,1
k want us to come by now,0
how its a little difficult but its a simple way to enter this place,0
ha both of us doing e same thing but i got tv NUMBER watch u can thk of where NUMBER go tonight or u already haf smth in mind,0
dont show yourself how far put new pictures up on facebook,0
watching tv now i got new job,0
good afternoon sexy buns how goes the job search i wake and you are my first thought as always my love i wish your fine and happy and know i adore you,0
i m not coming over do whatever you want,0
its ok chikku and its my NUMBER of favourite song,0
did u see what i posted on your facebook,0
call freephone NUMBER NUMBER NUMBER now,1
buy space invaders NUMBER a chance NUMBER win orig arcade game console press NUMBER for games arcade std wap charge see o NUMBER co uk games NUMBER terms settings no purchase,1
NUMBER wonders in my world NUMBER th you NUMBER th ur style NUMBER th ur smile NUMBER th ur personality NUMBER rd ur nature NUMBER nd ur sms and NUMBER st ur lovely friendship good morning dear,0
loan for any purpose NUMBER NUMBER NUMBER homeowners tenants welcome have you been previously refused we can still help call free NUMBER NUMBER or text back help,1
big brother alert the computer has selected u for NUMBER k cash or NUMBER voucher call NUMBER ntt po box cro NUMBER NUMBER bt landline cost NUMBER ppm mobiles vary,1
oh well c u later,0
my uncles in atlanta wish you guys a great semester,0
no dear i do have free messages without any recharge hi hi hi,0
dont search love let love find u thats why its called falling in love bcoz u dont force yourself u just fall and u know there is smeone to hold u bslvyl,0
i dun believe u i thk u told him,0
do you know why god created gap between your fingers so that one who is made for you comes amp fills those gaps by holding your hand with love,0
yes sura in sun tv lol,0
arun can u transfr me d amt,0
takin a shower now but yeah i ll leave when i m done,0
am not working but am up to eyes in philosophy so will text u later when a bit more free for chat,0
u haven t lost me ill always b here NUMBER u i didn t intend NUMBER hurt u but i never knew how u felt about me when iwas marine that s what itried NUMBER tell urmom i careabout u,0
win we have a winner mr t foley won an ipod more exciting prizes soon so keep an eye on ur mobile or visit URL,1
you bad girl i can still remember them,0
how much i gave to you morning,0
i hope your alright babe i worry that you might have felt a bit desparate when you learned the job was a fake i am here waiting when you come back my love,0
hey can you tell me blake s address carlos wanted me to meet him there but i got lost and he s not answering his phone,0
can i get your opinion on something first,0
that one week leave i put know that time why,0
if we hit it off you can move in with me,0
excellent i spent lt gt years in the air force iraq and afghanistan i am stable and honest do you like traveling,0
i wanna watch that movie,0
ok lor thanx in school,0
i m in class did you get my text,0
the bus leaves at lt gt,0
god bless get good sleep my dear i will pray,0
todays voda numbers ending NUMBER are selected to receive a NUMBER award if you have a match please call NUMBER quoting claim code NUMBER standard rates app,1
do have a nice day today i love you so dearly,0
aiyo a bit pai seh noe scared he dun rem who i am then die hee but he become better lookin oredi leh,0
aight i ll ask a few of my roommates,0
now whats your house again and do you have any beer there,0
do all wan NUMBER meet up n combine all the parts how s da rest of da project going,0
getting tickets NUMBER walsall tue NUMBER th march my mate is getting me them on sat ill pay my treat want NUMBER go txt bak terry,0
yes we are chatting too,0
hi its jess i dont know if you are at work but call me when u can im at home all eve xxx,0
sian aft meeting supervisor got work NUMBER do liao u working now,0
are you going to write ccna exam this week,0
well i will watch shrek in NUMBER d b,0
am i that much dirty fellow,0
dunno dat s wat he told me ok lor,0
i ll probably be by tomorrow or even later tonight if something s going on,0
i couldn t say no as he is a dying man and i feel sad for him so i will go and i just wanted you to know i would probably be gone late into your night,0
if you re thinking of lifting me one then no,0
same as u dun wan y u dun like me already ah wat u doing now still eating,0
sent me ur email id soon,0
wat makes some people dearer is not just de happiness dat u feel when u meet them but de pain u feel when u miss dem,0
dude what s up how teresa hope you have been okay when i didnt hear from these people i called them and they had received the package since dec lt gt just thot you ld like to know do have a fantastic year and all the best with your reading plus if you can really really bam first aid for usmle then your work is done,0
hey gorgeous man my work mobile number is have a good one babe squishy mwahs,0
may i call you later pls,0
hottest pics straight to your phone see me getting wet and wanting just for you xx text pics to NUMBER now txt costs NUMBER p textoperator g NUMBER ga NUMBER xxx,1
that s the way you should stay oh,0
hello thanx for taking that call i got a job starts on monday,0
what time is ur flight tmr,0
when should i come over,0
i have a rather prominent bite mark on my right cheek,0
will be september by then,0
are you wet right now,0
and how s your husband,0
hack chat get backdoor entry into NUMBER chat rooms at a fraction of the cost reply neo NUMBER or call NUMBER to subscribe NUMBER p pm dps bcm box NUMBER ldn wc NUMBER n NUMBER xx,1
are we doing the norm tomorrow i finish just a NUMBER NUMBER cos of st tests need to sort library stuff out at some point tomo got letter from today access til end march so i better get move on,0
yeah i got a list with only u and joanna if i m feeling really anti social,0
i am in your office na,0
are you comingdown later,0
super da good replacement for murali,0
da is good good player why he is unsold,0
hi do u want to join me with sts later meeting them at five call u after class,0
its on in engalnd but telly has decided it won t let me watch it and mia and elliot were kissing damn it,0
free nokia or motorola with upto NUMBER mths NUMBER NUMBER price linerental NUMBER free x net mins NUMBER txt mth free b tooth call mobileupd NUMBER on NUMBER or call NUMBER optout d NUMBER wv,1
i dont want to hear philosophy just say what happen,0
you got job in wipro you will get every thing in life in NUMBER or NUMBER years,0
then cant get da laptop my matric card wif lei,0
dunno da next show aft NUMBER is NUMBER toa payoh got NUMBER,0
this is the NUMBER nd time we have tried NUMBER contact u u have won the NUMBER pound prize NUMBER claim is easy call NUMBER now only NUMBER p per min bt national rate,1
i just made some payments so dont have that much sorry would you want it fedex or the other way,0
they did t play one day last year know even though they have very good team like india,0
k you are the only girl waiting in reception ah,0
say this slowly god i love you amp i need you clean my heart with your blood send this to ten special people amp u c miracle tomorrow do it pls pls do it,0
i hate when she does this she turns what should be a fun shopping trip into an annoying day of how everything would look in her house,0
sir i am waiting for your call,0
what s up do you want me to come online,0
it could work we ll reach a consensus at the next meeting,0
aiyah then i wait lor then u entertain me hee,0
the last thing i ever wanted to do was hurt you and i didn t think it would have you d laugh be embarassed delete the tag and keep going but as far as i knew it wasn t even up the fact that you even felt like i would do it to hurt you shows you really don t know me at all it was messy wednesday but it wasn t bad the problem i have with it is you have the time to clean it but you choose not to you skype you take pictures you sleep you want to go out i don t mind a few things here and there but when you don t make the bed when you throw laundry on top of it when i can t have a friend in the house because i m embarassed that there s underwear and bras strewn on the bed pillows on the floor that s something else you used to be good about at least making the bed,0
i ll let you know when it kicks in,0
you call him now ok i said call him,0
call to the number which is available in appointment and ask to connect the call to waheed fathima,0
or go buy wif him then i meet later can,0
mmmm fuck not fair you know my weaknesses grins pushes you to your knee s exposes my belly and pulls your head to it don t forget i know yours too wicked smile,0
today my system sh get ready all is well and i am also in the deep well,0
mom wants to know where you at,0
aight i ll text you when i m back,0
dont know supports ass and srt i thnk i think ps NUMBER can play through usb too,0
oh ok i didnt know what you meant yep i am baby jontin,0
you have won a guaranteed NUMBER cash or a NUMBER prize to claim yr prize call our customer service representative on,1
would you like to see my xxx pics they are so hot they were nearly banned in the uk,1
hmv bonus special NUMBER pounds of genuine hmv vouchers to be won just answer NUMBER easy questions play now send hmv to NUMBER more info URL,1
watching tv now i got new job,0
this pen thing is beyond a joke wont a biro do don t do a masters as can t do this ever again,0
i am at a party with alex nichols,0
u have a secret admirer who is looking NUMBER make contact with u find out who they r reveal who thinks ur so special call on NUMBER,1
just seeing your missed call my dear brother do have a gr NUMBER day,0
ok finishing soon,0
sorry i can t help you on this,0
come to me slave your doing it again going into your shell and unconsciously avoiding me you are making me unhappy,0
i love your ass do you enjoy doggy style,0
i think asking for a gym is the excuse for lazy people i jog,0
dear NUMBER xxxxxxx u ve been invited to xchat this is our final attempt to contact u txt chat to NUMBER NUMBER p msgrcvdhg suite NUMBER NUMBER lands row w NUMBER j NUMBER hl ldn NUMBER yrs,1
urgent please call NUMBER from landline your abta complimentary NUMBER tenerife holiday or NUMBER cash await collection sae t cs box NUMBER cw NUMBER wx NUMBER ppm,1
no on the way home so if not for the long dry spell the season would have been over,0
i gotta collect da car at NUMBER lei,0
ok but knackered just came home and went to sleep not good at this full time work lark,0
probably earlier than that if the station s where i think it is,0
call NUMBER listen to extreme dirty live chat going on in the office right now total privacy no one knows your sic listening NUMBER p min NUMBER NUMBER mp NUMBER,1
good morning plz call me sir,0
freemsg hey u i just got NUMBER of these video pic fones reply wild to this txt ill send u my pics hurry up im so bored at work xxx NUMBER NUMBER p rcvd stop NUMBER stop,1
uh heads up we don t have that much left,0
i tot u outside cos darren say u come shopping of course we nice wat we jus went sim lim look at mp NUMBER player,0
aight sounds good when do you want me to come down,0
wat would u like NUMBER ur birthday,0
i love working from home,0
and miss vday the parachute and double coins u must not know me very well,0
sorry i ll call later,0
my sister got placed in birla soft da,0
free entry in NUMBER a weekly comp for a chance to win an ipod txt pod to NUMBER to get entry std txt rate t c s apply NUMBER for details NUMBER,1
wah okie okie muz make use of e unlimited haha,0
there re some people by mu i m at the table by lambda,0
and stop being an old man you get to build snowman snow angels and snowball fights,0
ello babe u ok,0
hello beautiful r u ok i ve kinda ad a row wiv and he walked out the pub i wanted a night wiv u miss u,0
then u going ikea str aft dat,0
becoz its lt gt jan whn al the post ofice is in holiday so she cn go fr the post ofice got it duffer,0
lol grr my mom is taking forever with my prescription pharmacy is like NUMBER minutes away ugh,0
for real tho this sucks i can t even cook my whole electricity is out and i m hungry,0
you want to go,0
new textbuddy chat NUMBER horny guys in ur area NUMBER just NUMBER p free NUMBER receive search postcode or at gaytextbuddy com txt one name to NUMBER NUMBER rpl stop NUMBER cnl,1
its not that time of the month nor mid of the time,0
fffff can you text kadeem or are you too far gone,0
we not leaving yet ok lor then we go elsewhere n eat u thk,0
is fujitsu s series lifebook good,0
yar i wanted NUMBER scold u yest but late already i where got zhong se qing you if u ask me b NUMBER he ask me then i ll go out w u all lor n u still can act so real,0
dont know you bring some food,0
no current and food here i am alone also,0
i ll be in sch fr NUMBER NUMBER i dun haf da book in sch it s at home,0
hello they are going to the village pub at NUMBER so either come here or there accordingly ok,0
ok,0
we don call like lt gt times oh no give us hypertension oh,0
dont give a monkeys wot they think and i certainly don t mind any friend of mine all that just don t sleep wiv that wud be annoyin,0
omg it could snow here tonite,0
call from NUMBER tells u NUMBER call NUMBER to claim NUMBER prize u have NUMBER enter all ur mobile personal details the prompts careful,1
free NUMBER st week entry NUMBER textpod NUMBER a chance NUMBER win NUMBER gb ipod or NUMBER cash every wk txt vpod to NUMBER ts cs URL custcare NUMBER,1
carry on not disturbing both of you,0
what pa tell me i went to bath,0
jus finished avatar nigro,0
r u over scratching it,0
hope you are having a great day,0
did either of you have any idea s do you know of anyplaces doing something,0
my planning usually stops at find hella weed smoke hella weed,0
the fact that you re cleaning shows you know why i m upset your priority is constantly what i want to do not what i need to do,0
excellent are you ready to moan and scream in ecstasy,0
more people are dogging in your area now call NUMBER and join like minded guys why not arrange NUMBER yourself there s NUMBER this evening a NUMBER NUMBER minapn ls NUMBER bb,1
dude avatar NUMBER d was imp at one point i thought there were actually flies in the room and almost tried hittng one as a reflex,0
well done your NUMBER costa del sol holiday or NUMBER await collection call NUMBER now toclaim sae tcs pobox NUMBER stockport sk NUMBER xh cost NUMBER NUMBER pm max NUMBER mins,1
k k why cant you come here and search job,0
i got lousy sleep i kept waking up every NUMBER hours to see if my cat wanted to come in i worry about him when its cold,0
yeah i ll leave in a couple minutes amp let you know when i get to mu,0
can call me at NUMBER NUMBER to make sure dat i ve woken up,0
hey we can go jazz power yoga hip hop kb and yogasana,0
the battery is for mr adewale my uncle aka egbon,0
i cant pick the phone right now pls send a message,0
wait NUMBER min stand at bus stop,0
oh ic i thought you meant mary jane,0
haha really oh no how then will they deduct your lesson tmr,0
nah im goin NUMBER the wrks with j wot bout u,0
then just eat a shit and wait for ur monkey face bitch u asshole,0
good night am going to sleep,0
aight i ll grab something to eat too text me when you re back at mu,0
k k why cant you come here and search job,0
take something for pain if it moves however to any side in the next NUMBER hrs see a doctor,0
lol oh no babe i wont be sliding into your place after midnight but thanks for the invite,0
howz that persons story,0
guess what somebody you know secretly fancies you wanna find out who it is give us a call on NUMBER from landline datebox NUMBER essexcm NUMBER xn NUMBER p min NUMBER,1
lol that would be awesome payback,0
it to NUMBER your NUMBER free text messages are valid until NUMBER december NUMBER,1
yes it completely in out of form clark also utter waste,0
honeybee said i m d sweetest in d world god laughed amp said wait u havnt met d person reading this msg moral even god can crack jokes gm gn ge gn,0
thanks it was only from tescos but quite nice all gone now speak soon,0
what s a feathery bowa is that something guys have that i don t know about,0
even i cant close my eyes you are in me our vava playing umma d,0
NUMBER laptop i noe infra but too slow lar i wan fast one,0
you have won a guaranteed NUMBER award or even NUMBER cashto claim ur award call free on NUMBER NUMBER NUMBER stop getstop on NUMBER php,1
nvm it s ok,0
enjoy ur life good night,0
yes but can we meet in town cos will go to gep and then home you could text at bus stop and don t worry we ll have finished by march ish,0
i had askd u a question some hours before its answer,0
thats cool where should i cum on you or in you,0
delhi and chennai still silent,0
lol alright i was thinkin that too haha,0
reply to win NUMBER weekly where will the NUMBER fifa world cup be held send stop to NUMBER to end service,1
no i m in the same boat still here at my moms check me out on yo i m half naked,0
shhhhh nobody is supposed to know,0
sorry i ll call later,0
sorry i ll call later in meeting any thing related to trade please call arul lt gt,0
hey i will be late i m at amk need to drink tea or coffee,0
i wnt to buy a bmw car urgently its vry urgent but hv a shortage of lt gt lacs there is no source to arng dis amt lt gt lacs thats my prob,0
urgent please call NUMBER from landline your abta complimentary NUMBER tenerife holiday or NUMBER cash await collection sae t cs box NUMBER cw NUMBER wx NUMBER ppm,1
the length is e same but e top shorter n i got a fringe now i thk i m not going liao too lazy dun wan NUMBER distract u also,0
s antha num corrct dane,0
no calls messages missed calls,0
sorry i ll call later,0
the basket s gettin full so i might be by tonight,0
hi darlin ive just got back and i had a really nice night and thanks so much for the lift see u tomorrow xxx,0
no other valentines huh the proof is on your fb page ugh i m so glad i really didn t watch your rupaul show you tool,0
free tones hope you enjoyed your new content text stop to NUMBER to unsubscribe help NUMBER p provided by tones NUMBER you co uk,1
eh den sat u book e kb liao huh,0
have you been practising your curtsey,0
shall i come to get pickle,0
lol boo i was hoping for a laugh,0
yeh i am def up NUMBER something sat just got payed NUMBER day i havbeen given a NUMBER pay rise NUMBER my work havebeen made preschoolco ordinator NUMBER i am feelingood luv,0
well i have to leave for my class babe you never came back to me hope you have a nice sleep my love,0
lmao where s your fish memory when i need it,0
but i ll b going NUMBER sch on mon my sis need NUMBER take smth,0
idea will soon get converted to live,0
themob yo yo yo here comes a new selection of hot downloads for our members to get for free just click open the next link sent to ur fone,1
s s india going to draw the series after many years in south african soil,0
goodmorning today i am late for lt decimal gt min,0
can t take any major roles in community outreach you rock mel,0
shopping lor them raining mah hard NUMBER leave orchard,0
hi here have birth at on the to at NUMBER lb NUMBER oz mother and baby doing brilliantly,0
see the forwarding message for proof,0
i can t keep going through this it was never my intention to run you out but if you choose to do that rather than keep the room clean so i don t have to say no to visitors then maybe that s the best choice yes i wanted you to be embarassed so maybe you d feel for once how i feel when i have a friend who wants to drop buy and i have to say no as happened this morning i ve tried everything i don t know what else to do,0
dunno lei i thk mum lazy to go out i neva ask her yet,0
do whatever you want you know what the rules are we had a talk earlier this week about what had to start happening you showing responsibility yet every week it s can i bend the rule this way what about that way do whatever i m tired of having thia same argument with you every week and a lt gt movie doesnt inlude the previews you re still getting in after NUMBER,0
beautiful truth against gravity read carefully our heart feels light when someone is in it but it feels very heavy when someone leaves it goodmorning,0
great news call freefone NUMBER to claim your guaranteed NUMBER cash or NUMBER gift speak to a live operator now,1
ambrith madurai met u in arun dha marrge remembr,0
just re read it and i have no shame but tell me how he takes it and if he runs i will blame u NUMBER ever not really NUMBER ever just a long time,0
princess is your kitty shaved or natural,0
better than bb if he wont use it his wife will or them doctor,0
ya it came a while ago,0
from tomorrow onwards eve NUMBER to NUMBER work,0
anything lor but toa payoh got place NUMBER walk meh,0
i don t have anybody s number i still haven t thought up a tactful way to ask alex,0
u can win NUMBER of music gift vouchers every week starting now txt the word draw to NUMBER tscs URL skillgame NUMBER winaweek age NUMBER NUMBER ppermesssubscription,1
is there any movie theatre i can go to and watch unlimited movies and just pay once,0
u having lunch alone i now so bored,0
yes obviously but you are the eggs pert and the potato head speak soon,0
nah man my car is meant to be crammed full of people,0
no got new job at bar in airport on satsgettin NUMBER NUMBER per hour but means no lie in keep in touch,0
kallis is ready for bat in NUMBER nd innings,0
thanx but my birthday is over already,0
ugh y can t u just apologize admit u were wrong and ask me to take u back,0
i noe la u wana pei bf oso rite k lor other days den,0
yes i m small kid and boost is the secret of my energy,0
im gonna miss u so much,0
is avatar supposed to have subtoitles,0
simply sitting and watching match in office,0
you can jot down things you want to remember later,0
oh sorry please its over,0
hey are we going for the lo lesson or gym,0
dont pack what you can buy at any store like cereals if you must pack food pack gari or something NUMBER ja that you will miss,0
you always make things bigger than they are,0
dun wan to watch infernal affair,0
me not waking up until NUMBER in the afternoon sup,0
NUMBER mths half price orange line rental latest camera phones NUMBER free had your phone NUMBER mths call mobilesdirect free on NUMBER to update now or NUMBER stoptxt,1
i can send you a pic if you like,0
okay i booked all already including the one at bugis,0
aight fuck it i ll get it later,0
no de but call me after some time ill tell you k,0
so dont use hook up any how,0
how much is blackberry bold NUMBER in nigeria,0
hi where you you in home or calicut,0
hey darlin i can pick u up at college if u tell me wen where NUMBER mt love pete xx,0
call NUMBER to use ur mins calls cast NUMBER p min mob vary service provided by aom just gbp NUMBER month aom box NUMBER m NUMBER NUMBER er until u stop ages NUMBER only,1
oh i was thkin of goin yogasana at NUMBER den no nd to go at NUMBER den can rush to parco NUMBER nb okie lor u call me when ready,0
y so late but i need to go n get da laptop,0
sir i am waiting for your mail,0
please charge my mobile when you get up in morning,0
nothing i got msg frm tht unknown no,0
ugh fuck it i m resubbing to eve,0
he didn t see his shadow we get an early spring yay,0
i did one slice and one breadstick lol,0
hey i want you i crave you i miss you i need you i love you ahmad saeed al hallaq,0
is there any training tomorrow,0
urgent your mobile no won a NUMBER NUMBER bonus caller prize on NUMBER NUMBER NUMBER this is the NUMBER nd attempt to reach you call NUMBER asap box NUMBER n NUMBER qp NUMBER ppm,1
pass dis to all ur contacts n see wat u get red i m in luv wid u blue u put a smile on my face purple u r realy hot pink u r so swt orange i thnk i lyk u green i realy wana go out wid u yelow i wnt u bck black i m jealous of u brown i miss you nw plz giv me one color,0
cos daddy arranging time c wat time fetch mah,0
then you are eldest know,0
who s there say hi to our drugdealer,0
its hard to believe things like this all can say lie but think twice before saying anything to me,0
eerie nokia tones NUMBER u rply tone title to NUMBER eg tone dracula to NUMBER titles ghost addamsfa munsters exorcist twilight URL pobox NUMBER w NUMBER wq NUMBER p,1
sexy singles are waiting for you text your age followed by your gender as wither m or f e g NUMBER f for gay men text your age followed by a g e g NUMBER g,1
good night my dear sleepwell amp take care,0
that is wondarfull song,0
freemsg claim ur NUMBER sms messages text ok to NUMBER now use web NUMBER mobile NUMBER ur mates etc join txt NUMBER com for NUMBER NUMBER p wk t c box NUMBER la NUMBER wu NUMBER remove txtx or stop,1
yar lor actually we quite fast cos da ge slow wat haha,0
must come later i normally bathe him in da afternoon mah,0
trust me even if isn t there its there,0
hey hun onbus goin NUMBER meet him he wants NUMBER go out NUMBER a meal but i donyt feel like it cuz have NUMBER get last bus home but hes sweet latelyxxx,0
NUMBER free ringtone reply real,1
i can take you at like noon,0
where is it is there any opening for mca,0
i m aight wat s happening on your side,0
i m done oredi,0
you are sweet as well princess please tell me your likes and dislikes in bed,0
how are you wish you a great semester,0
moji i love you more than words have a rich day,0
dude how do you like the buff wind,0
alright babe justthought i d sayhey how u doin nearly the endof me wk offdam nevamind we will have NUMBER hook up sn if uwant m NUMBER lovejen x,0
well done england get the official poly ringtone or colour flag on yer mobile text tone or flag to NUMBER now opt out txt eng stop box NUMBER w NUMBER wx NUMBER NUMBER,1
no i m not i can t give you everything you want and need you actually could do better for yourself on yor own you ve got more money than i do i can t get work i can t get a man i can t pay the rent i can t even fill my fucking gas tank yes i m stressed and depressed i didn t even call home for thanksgiving cuz i ll have to tell them i m up to nothing,0
s kallis wont play in first two odi,0
then get some cash together and i ll text jason,0
oh my love it s soooo good to hear from you omg i missed you so much today i m sorry your having problems with the provider but thank you for tming me,0
final chance claim ur NUMBER worth of discount vouchers today text yes to NUMBER now savamob member offers mobile t cs savamob pobox NUMBER m NUMBER uz NUMBER NUMBER subs NUMBER,1
private your NUMBER account statement for NUMBER shows NUMBER unredeemed bonus points to claim call NUMBER identifier code NUMBER expires,1
probably want to pick up more,0
i m done,0
are you the cutest girl in the world or what,0
no dice art class NUMBER thru NUMBER thanks though any idea what time i should come tomorrow,0
sms services for your inclusive text credits pls goto URL login unsubscribe with stop no extra charge help NUMBER po box NUMBER ip NUMBER NUMBER we,1
oh howda gud gud mathe en samachara chikku,0
i thk NUMBER lor but dunno can get tickets a not wat u doing now,0
audrie lousy autocorrect,0
its a site to simulate the test it just gives you very tough questions to test your readiness,0
anyway seriously hit me up when you re back because otherwise i have to light up with armand and he always has shit and or is vomiting,0
i fetch yun or u fetch,0
thank you i like you as well,0
hmmm and imagine after you ve come home from that having to rub my feet make me dinner and help me get ready for my date are you sure your ready for that kind of life,0
free NUMBER day sexy st george s day pic of jordan txt pic to NUMBER dont miss out then every wk a saucy celeb NUMBER more pics c pocketbabe co uk NUMBER NUMBER wk,1
lara said she can loan me lt gt,0
do we have any spare power supplies,0
yar he quite clever but aft many guesses lor he got ask me NUMBER bring but i thk darren not so willing NUMBER go aiya they thk leona still not attach wat,0
you are a winner you have been specially selected to receive NUMBER cash or a NUMBER award speak to a live operator to claim call NUMBER am NUMBER pm cost NUMBER p,1
yeah don t go to bed i ll be back before midnight,0
sunshine hols to claim ur med holiday send a stamped self address envelope to drinks on us uk po box NUMBER bray wicklow eire quiz starts saturday unsub stop,1
well i wasn t available as i washob nobbing with last night so they had to ask nickey platt instead of me,0
it s that time of the week again ryan,0
wish u many many returns of the day happy birthday vikky,0
u can win NUMBER of music gift vouchers every week starting now txt the word draw to NUMBER tscs URL skillgame NUMBER winaweek age NUMBER NUMBER ppermesssubscription,1
i hope you know i m still mad at you,0
argh my NUMBER g is spotty anyway the only thing i remember from the research we did was that province and sterling were the only problem free places we looked at,0
in xam hall boy asked girl tell me the starting term for dis answer i can den manage on my own after lot of hesitation n lookin around silently she said the intha ponnungale ipaditan,0
do you know when the result,0
NUMBER congratulations in this week s competition draw u have won the NUMBER prize to claim just call NUMBER b NUMBER t cs stop sms NUMBER over NUMBER only NUMBER ppm,1
beautiful truth against gravity read carefully our heart feels light when someone is in it but it feels very heavy when someone leaves it good night,0
sorry im getting up now feel really bad totally rejected that kinda me thing,0
you do got a shitload of diamonds though,0
tessy pls do me a favor pls convey my birthday wishes to nimya pls dnt forget it today is her birthday shijas,0
well i m going to be an aunty,0
mine here like all fr china then so noisy,0
later i guess i needa do mcat study too,0
s from the training manual it show there is no tech process its all about password reset and troubleshooting,0
your b NUMBER u voucher w c NUMBER NUMBER is marsms log onto URL for discount credit to opt out reply stop customer care call NUMBER,1
spoke with uncle john today he strongly feels that you need to sacrifice to keep me here he s going to call you when he does i beg you to just listen dont make any promises or make it clear things are not easy and i need you to please let us work things out as long as i keep expecting help my creativity will be stifled so pls just keep him happy no promises on your part,0
if he started searching he will get job in few days he have great potential and talent,0
carlos took a while again we leave in a minute,0
well done and luv ya all,0
then why you came to hostel,0
k still are you loving me,0
but i juz remembered i gotta bathe my dog today,0
after the drug she will be able to eat,0
alright took the morphine back in yo,0
you see the requirements please,0
you stayin out of trouble stranger saw dave the other day he s sorted now still with me bloke when u gona get a girl mr ur mum still thinks we will get NUMBER getha,0
freemsg hey i m buffy NUMBER and love to satisfy men home alone feeling randy reply NUMBER c my pix qlynnbv help NUMBER p a msg send stop to stop txts,1
sunshine hols to claim ur med holiday send a stamped self address envelope to drinks on us uk po box NUMBER bray wicklow eire quiz starts saturday unsub stop,1
so can collect ur laptop,0
ok can be later showing around NUMBER NUMBER NUMBER if you want cld have drink before wld prefer not to spend money on nosh if you don t mind as doing that nxt wk,0
i will once i get home,0
waaaat lololo ok next time then,0
the table s occupied i m waiting by the tree,0
i surely dont forgot to come i will always be in touch in with you,0
hi kindly give us back our documents which we submitted for loan from stapati,0
i dont have i shall buy one dear,0
oh god i am happy to see your message after NUMBER days,0
what year and how many miles,0
hey cutie how goes it here in wales its kinda ok there is like hills and shit but i still avent killed myself,0
sad story of a man last week was my b day my wife did nt wish me my parents forgot n so did my kids i went to work even my colleagues did not wish as i entered my cabin my pa said happy b day boss i felt special she askd me NUMBER lunch after lunch she invited me to her apartment we went there she said do u mind if i go into the bedroom for a minute ok i sed in a sexy mood she came out NUMBER minuts latr wid a cake n my wife my parents my kidz my friends n my colleagues all screaming surprise and i was waiting on the sofa naked,0
i think you should go the honesty road call the bank tomorrow its the tough decisions that make us great people,0
free for NUMBER st week no NUMBER nokia tone NUMBER ur mob every week just txt nokia to NUMBER get txting and tell ur mates zed pobox NUMBER w NUMBER wq norm NUMBER p tone NUMBER,1
no its not specialisation can work but its slave labor will look for it this month sha cos no shakara NUMBER beggar,0
is she replying has boye changed his phone number,0
NUMBER go to write msg NUMBER put on dictionary mode NUMBER cover the screen with hand NUMBER press lt gt NUMBER gently remove ur hand its interesting,0
hi my darlin im on my way to london and we have just been smashed into by another driver and have a big dent im really missing u what have u been up to xxx,0
nothing really just making sure everybody s up to speed,0
i m not coming home NUMBER dinner,0
thank you and by the way i just lost,0
yes he have good crickiting mind,0
thx all will be well in a few months,0
shop till u drop is it you either NUMBER k NUMBER k NUMBER cash or NUMBER travel voucher call now NUMBER ntt po box cr NUMBER bt fixedline cost NUMBER ppm mobile vary,1
can i please come up now imin town dontmatter if urgoin outl NUMBER r just reallyneed NUMBER docd please dontplease dontignore mycalls u no thecd isv important tome NUMBER NUMBER moro,0
i wont so wat s wit the guys,0
yavnt tried yet and never played original either,0
hiya had a good day have you spoken to since the weekend,0
see i thought it all through,0
i m at work please call,0
get ready to moan and scream,0
oh k why you got job then whats up,0
i don t think so you don t need to be going out that late on a school night especially when the one class you have is the one you missed last wednesday and probably failed a test in on friday,0
and popping lt gt ibuprofens was no help,0
babe how goes that day what are you doing where are you i sip my cappuccino and think of you my love i send a kiss to you from across the sea,0
ok,0
ps u no ur a grown up now right,0
chinatown got porridge claypot rice yam cake fishhead beehoon either we eat cheap den go cafe n tok or go nydc or somethin,0
i know a few people i can hit up and fuck to the yes,0
purity of friendship between two is not about smiling after reading the forwarded message its about smiling just by seeing the name gud evng,0
so is there anything specific i should be doing with regards to jaklin or what because idk what the fuck,0
oh god i m gonna google nearby cliffs now,0
free camera phones with linerental from NUMBER NUMBER month with NUMBER cross ntwk mins NUMBER NUMBER price txt bundle deals also avble call NUMBER or call NUMBER optout j mf,1
yup i shd haf ard NUMBER pages if i add figures all got how many pages,0
ooh NUMBER got i m gonna start belly dancing in moseley weds NUMBER NUMBER if u want NUMBER join me they have a cafe too,0
thankyou so much for the call i appreciate your care,0
congrats treat pending i am not on mail for NUMBER days will mail once thru respect mother at home check mails,0
i called but no one pick up e phone i ask both of them already they said ok,0
hi my email address has changed now it is,0
v aluable a ffectionate l oveable e ternal n oble t ruthful i ntimate n atural e namous happy valentines day in advance,0
not much just some textin how bout you,0
bring it if you got it,0
i m in a movie call me NUMBER wat,0
not sure i have the stomach for it,0
haha can but i m having dinner with my cousin,0
a boy was late NUMBER home his father power of frndship,0
and my man carlos is definitely coming by mu tonight no excuses,0
soon you will have the real thing princess do i make you wet,0
raji pls do me a favour pls convey my birthday wishes to nimya pls today is her birthday,0
haha my legs and neck are killing me and my amigos are hoping to end the night with a burn think i could swing by in like an hour,0
urgent your mobile no NUMBER xxxxxxxxx won a NUMBER NUMBER bonus caller prize on NUMBER NUMBER NUMBER this is the NUMBER nd attempt to reach you call NUMBER asap box NUMBER n NUMBER qp NUMBER ppm,1
usually the body takes care of it buy making sure it doesnt progress can we pls continue this talk on saturday,0
urgent your NUMBER costa del sol holiday or NUMBER await collection call NUMBER now toclaim sae tc s pobox NUMBER stockport sk NUMBER xh cost NUMBER NUMBER pm max NUMBER mins,1
hmm well night night,0
just wanted to say holy shit you guys weren t kidding about this bud,0
just gettin a bit arty with my collages at the mo well tryin NUMBER ne way got a roast in a min lovely i shall enjoy that,0
this is one of the days you have a billion classes right,0
goodmorning today i am late for NUMBER hrs because of back pain,0
ok then i ll let him noe later n ask him call u tmr,0
prabha i m soryda realy frm heart i m sory,0
ok i m waliking ard now do u wan me NUMBER buy anything go ur house,0
will have two more cartons off u and is very pleased with shelves,0
nice talking to you please dont forget my pix i want to see all of you,0
you have won a guaranteed NUMBER cash or a NUMBER prize to claim yr prize call our customer service representative on NUMBER between NUMBER am NUMBER pm cost NUMBER p,1
but really quite funny lor wat then u shd haf run shorter distance wat,0
i notice you like looking in the shit mirror youre turning into a right freak,0
great i was getting worried about you just know that a wonderful and caring person like you will have only the best in life know that u r wonderful and god s love is yours,0
thanks for your ringtone order ref number k NUMBER your mobile will be charged NUMBER NUMBER should your tone not arrive please call customer services on NUMBER,1
i prefer my free days tues wed fri oso can ask those workin lor,0
alrite jod hows the revision goin keris bin doin a smidgin n e way u wanna cum over after college xx,0
if you have belive me come to my home,0
oh k k where did you take test,0
those were my exact intentions,0
haha but no money leh later got to go for tuition haha and looking for empty slots for driving lessons,0
hey thk we juz go accordin to wat we discussed yest lor except no kb on sun cos there s nt much lesson to go if we attend kb on sat,0
k wen ur free come to my home and also tel vikky i hav sent mail to him also better come evening il be free today aftr NUMBER pm,0
nothing just getting msgs by dis name wit different no s,0
good morning plz call me sir,0
what s your room number again wanna make sure i m knocking on the right door,0
si como no listened NUMBER the plaid album quite gd the new air NUMBER which is hilarious also bought braindance a comp ofstuff on aphex s abel u hav NUMBER hear it c u sn xxxx,0
pls tell nelson that the bb s are no longer comin the money i was expecting aint coming,0
give her something to drink if she takes it and doesn t vomit then you her temp might drop if she unmits however let me know,0
think you sent the text to the home phone that cant display texts if you still want to send it his number is,0
every day i use to sleep after lt gt so only,0
k i ll call you when i m close,0
u buy newspapers already,0
nope wif my sis lor aft bathing my dog then i can bathe looks like it s going NUMBER rain soon,0
boo i m on my way to my moms she s making tortilla soup yummmm,0
no management puzzeles,0
how did you find out in a way that didn t include all of these details,0
hi ya babe x u NUMBER goten bout me scammers getting smart though this is a regular vodafone no if you respond you get further prem rate msg subscription other nos used also beware,1
back NUMBER work NUMBER morro half term over can u c me NUMBER nite NUMBER some sexy passion b NUMBER i have NUMBER go back chat now NUMBER luv dena calls NUMBER minmobsmorelkpobox NUMBER hp NUMBER fl,1
will you like to be spoiled,0
thanks for your ringtone order ref number r NUMBER your mobile will be charged NUMBER NUMBER should your tone not arrive please call customer services on NUMBER,1
i am getting threats from your sales executive shifad as i raised complaint against him its an official message,0
hope things went well at doctors reminds me i still need NUMBER go did u c d little thing i left in the lounge,0
den wat will e schedule b lk on sun,0
lol enjoy role playing much,0
ok me watching tv too,0
i just lov this line hurt me with the truth i don t mind i wil tolerat bcs ur my someone but never comfort me with a lie gud ni NUMBER and sweet dreams,0
just checked out heading out to drop off my stuff now,0
here got lots of hair dresser fr china,0
sad story of a man last week was my b day my wife did nt wish me my parents forgot n so did my kids i went to work even my colleagues did not wish,0
ill call you evening ill some ideas,0
splashmobile choose from NUMBER s of gr NUMBER tones each wk this is a subscrition service with weekly tones costing NUMBER p u have one credit kick back and enjoy,1
did you show him and wot did he say or could u not c him NUMBER dust,0
it should take about lt gt min,0
not heard from u NUMBER a while call NUMBER rude chat private line NUMBER to cum wan NUMBER c pics of me gettin shagged then text pix to NUMBER NUMBER end send stop NUMBER sam xxx,1
ok now i am in bus if i come soon i will come otherwise tomorrow,0
i cant pick the phone right now pls send a message,0
forwarded from NUMBER free entry into our NUMBER weekly comp just send the word enter to NUMBER now NUMBER t c URL,1
finish liao u,0
NUMBER from NUMBER lost NUMBER pound help,1
haha i think i did too,0
u know we watchin at lido,0
life spend with someone for a lifetime may be meaningless but a few moments spent with someone who really love you means more than life itself,0
haha awesome i ve been to NUMBER u a couple times who all s coming,0
cold dont be sad dear,0
think i could stop by in like an hour or so my roommate s looking to stock up for a trip,0
is that on the telly no its brdget jones,0
love you aathi love u lot,0
hello how r u im bored inever thought id get bored with the tv but i am tell me something exciting has happened there anything,0
hmm bad news hype park plaza NUMBER studio taken only left NUMBER bedrm NUMBER,0
sorry i ll call later in meeting,0
r comin back for dinner,0
i hav almost reached call i m unable to connect u,0
whom you waited for yesterday,0
i reach home safe n sound liao,0
velly good yes please,0
hi wkend ok but journey terrible wk not good as have huge back log of marking to do,0
i have had two more letters from i will copy them for you cos one has a message for you speak soon,0
alex knows a guy who sells mids but he s down in south tampa and i don t think i could set it up before like NUMBER,0
dont you have message offer,0
had your mobile NUMBER mths update for free to oranges latest colour camera mobiles unlimited weekend calls call mobile upd NUMBER on freefone NUMBER or NUMBER stoptx,1
hey there babe how u doin wot u up NUMBER NUMBER nite love annie x,0
remind me how to get there and i shall do so,0
that s not v romantic,0
hello damn this christmas thing i think i have decided to keep this mp NUMBER that doesnt work,0
you have NUMBER new message please call NUMBER,1
hi darlin im missin u hope you are having a good time when are u back and what time if u can give me a call at home jess xx,0
forwarded from NUMBER hi this is your mailbox messaging sms alert you have NUMBER messages you have NUMBER matches please call back on NUMBER to retrieve your messages and matches,1
draw va i dont think so,0
dont pick up d call when something important is there to tell hrishi,0
congrats NUMBER year special cinema pass for NUMBER is yours call NUMBER now c suprman v matrix NUMBER starwars NUMBER etc all NUMBER free bx NUMBER ip NUMBER NUMBER we NUMBER pm dont miss out,1
nothin comes to my mind help me buy hanger lor ur laptop not heavy,0
lt gt that s all guess that s easy enough,0
we can make a baby in yo tho,0
should i tell my friend not to come round til like lt gt ish,0
friendship poem dear o dear u r not near but i can hear dont get fear live with cheer no more tear u r always my dear gud ni NUMBER,0
still in the area of the restaurant ill try to come back soon,0
aight that ll work thanks,0
win a year supply of cds NUMBER a store of ur choice worth NUMBER enter our NUMBER weekly draw txt music to NUMBER ts cs URL,1
moby pub quiz win a NUMBER high street prize if u know who the new duchess of cornwall will be txt her first name to NUMBER unsub stop NUMBER NUMBER NUMBER sp arrow,1
i have NUMBER sleeping bags NUMBER blanket and paper and phone details anything else,0
you have won a nokia NUMBER i this is what you get when you win our free auction to take part send nokia to NUMBER now hg suite NUMBER NUMBER lands row w NUMBER jhl NUMBER,1
congratulations thanks to a good friend u have won the NUMBER NUMBER xmas prize NUMBER claim is easy just call NUMBER now only NUMBER p per minute bt national rate,1
tddnewsletter emc NUMBER co uk more games from thedailydraw dear helen dozens of free games with great prizeswith,1
so what do you guys do,0
also that chat was awesome but don t make it regular unless you can see her in person,0
that s significant but dont worry,0
that s cause your old i live to be high,0
waqt se pehle or naseeb se zyada kisi ko kuch nahi milta zindgi wo nahi he jo hum sochte hai zindgi wo hai jo ham jeetey hai,0
on the way to office da,0
in which place do you want da,0
this pain couldn t have come at a worse time,0
ok,0
should i be stalking u,0
sorry dude dont know how i forgot even after dan reminded me sorry hope you guys had fun,0
ok lor,0
apps class varaya elaya,0
the xmas story is peace the xmas msg is love the xmas miracle is jesus hav a blessed month ahead amp wish u merry xmas,0
urgent your mobile number won a NUMBER bonus caller prize on NUMBER NUMBER NUMBER this is the NUMBER nd attempt to reach you call NUMBER asap box NUMBER n NUMBER qp NUMBER ppm,1
that day you asked about anand number why,0
am surfing online store for offers do you want to buy any thing,0
long beach lor expected u having dinner now,0
at home by the way,0
we are both fine thanks,0
what happen to her tell the truth,0
do you like italian food,0
which is weird because i know i had it at one point,0
aww you must be nearly dead well jez iscoming over todo some workand that whilltake forever,0
tell your friends what you plan to do on valentines day lt url gt,0
alright see you in a bit,0
cheers for the message zogtorius i ve been staring at my phone for an age deciding whether to text or not,0
i will take care of financial problem i will help,0
tell dear what happen to you why you talking to me like an alian,0
double your mins txts on orange or NUMBER NUMBER price linerental motorola and sonyericsson with b tooth free nokia free call mobileupd NUMBER on NUMBER or NUMBER optout hv NUMBER d,1
NUMBER go to write msg NUMBER put on dictionary mode NUMBER cover the screen with hand NUMBER press lt gt NUMBER gently remove ur hand its interesting,0
okie,0
hi this is yijue can i meet u at NUMBER tmr,0
its posible dnt live in lt gt century cm frwd n thnk different,0
but i dint slept in afternoon,0
that seems unnecessarily affectionate,0
yar else i ll thk of all sorts of funny things,0
you will be in the place of that man,0
download as many ringtones as u like no restrictions NUMBER s NUMBER choose u can even send NUMBER yr buddys txt sir to NUMBER NUMBER,1
thats cool how was your day,0
please call NUMBER immediately as there is an urgent message waiting for you,1
r we going with the lt gt bus,0
hello my love how went your day are you alright i think of you my sweet and send a jolt to your heart to remind you i love you can you hear it i screamed it across the sea for all the world to hear ahmad al hallaq is loved and owned possessive passionate kiss,0
no he joined today itself,0
okay same with me well thanks for the clarification,0
i ll talk to the others and probably just come early tomorrow then,0
spook up your mob with a halloween collection of a logo pic message plus a free eerie tone txt card spook to NUMBER zed NUMBER p per logo pic,1
had the money issue weigh me down but thanks to you i can breathe easier now i ll make sure you dont regret it thanks,0
hi i m sorry i missed your call can you pls call back,0
how are you doing hope you ve settled in for the new school year just wishin you a gr NUMBER day,0
fantasy football is back on your tv go to sky gamestar on sky active and play NUMBER k dream team scoring starts on saturday so register now sky opt out to NUMBER,1
ok then no need to tell me anything i am going to sleep good night,0
ok try to do week end course in coimbatore,0
tone club your subs has now expired NUMBER re sub reply monoc NUMBER monos or polyc NUMBER polys NUMBER weekly NUMBER p per week txt stop NUMBER stop this msg free stream NUMBER,1
v nice off NUMBER sheffield tom NUMBER air my opinions on categories NUMBER b used NUMBER measure ethnicity in next census busy transcribing,0
if you r home then come down within NUMBER min,0
a boy loved a gal he propsd bt she didnt mind he gv lv lttrs bt her frnds threw thm again d boy decided NUMBER aproach d gal dt time a truck was speeding towards d gal wn it was about NUMBER hit d girl d boy ran like hell n saved her she asked hw cn u run so fast d boy replied boost is d secret of my energy n instantly d girl shouted our energy n thy lived happily NUMBER gthr drinking boost evrydy moral of d story i hv free msgs d gud ni NUMBER,0
that day say cut ur hair at paragon is it called hair sense do noe how much is a hair cut,0
hmm too many of them unfortunately pics obviously arent hot cakes its kinda fun tho,0
watching tv lor y she so funny we bluff her NUMBER wat izzit because she thk it s impossible between us,0
xmas prize draws we are trying to contact u todays draw shows that you have won a NUMBER prize guaranteed call NUMBER from land line valid NUMBER hrs only,1
dunno lei he neva say,0
thanx NUMBER NUMBER day u r a goodmate i think ur rite sary asusual NUMBER u cheered me up love u franyxxxxx,0
i m on my way home went to change batt NUMBER my watch then go shop a bit lor,0
yes the only place in town to meet exciting adult singles is now in the uk txt chat to NUMBER now NUMBER p msg,1
hi mobile no lt gt has added you in their contact list on URL it s a great place to send free sms to people for more visit fullonsms com,0
good evening sir hope you are having a nice day i wanted to bring it to your notice that i have been late in paying rent for the past few months and have had to pay a lt gt charge i felt it would be inconsiderate of me to nag about something you give at great cost to yourself and that s why i didnt speak up i however am in a recession and wont be able to pay the charge this month hence my askin well ahead of month s end can you please help thank you for everything,0
if i let you do this i want you in the house by NUMBER am,0
best line said in love i will wait till the day i can forget u or the day u realize that u cannot forget me gn,0
i will reach before ten morning,0
your pussy is perfect,0
sorry i ll call later,0
someone has contacted our dating service and entered your phone becausethey fancy you to find out who it is call from a landline NUMBER pobox NUMBER w NUMBER rg NUMBER p,1
no message no responce what happend,0
also where s the piece,0
wiskey brandy rum gin beer vodka scotch shampain wine kudi yarasu dhina vaazhthukkal,0
boo how s things i m back at home and a little bored already,0
first has she gained more than lt gt kg since she took in second has she done the blood sugar tests if she has and its ok and her blood pressure is within normal limits then no worries,0
pick ur fone up now u dumb,0
thanks da thangam i feel very very happy dear i also miss you da,0
okey doke i m at home but not dressed cos laying around ill speak to you later bout times and stuff,0
i don t run away frm u i walk slowly amp it kills me that u don t care enough to stop me,0
babe i m back come back to me,0
well you told others you d marry them,0
neshanth tel me who r u,0
yo yo yo byatch whassup,0
oh kay on sat right,0
hi this is roger from cl how are you,0
babe u want me dont u baby im nasty and have a thing NUMBER filthyguys fancy a rude time with a sexy bitch how about we go slo n hard txt xxx slo NUMBER msgs,1
oh oh wasted den muz chiong on sat n sun liao,0
jesus christ bitch i m trying to give you drugs answer your fucking phone,0
please give it NUMBER or i will pick it up on tuesday evening about NUMBER if that is ok,0
i m meeting darren,0
one of best dialogue in cute reltnship wen i die dont come near my body bcoz my hands may not come NUMBER wipe ur tears off that time gud ni NUMBER,0
solve d case a man was found murdered on lt decimal gt lt gt afternoon NUMBER his wife called police NUMBER police questioned everyone NUMBER wife sir i was sleeping when the murder took place NUMBER cook i was cooking NUMBER gardener i was picking vegetables NUMBER house maid i went NUMBER d post office NUMBER children we went NUMBER play NUMBER neighbour we went NUMBER a marriage police arrested d murderer immediately who s it reply with reason if u r brilliant,0
dear where you will be when i reach there,0
aww that s the first time u said u missed me without asking if i missed u first you do love me,0
ok thanx gd nite NUMBER too,0
come to me right now ahmad,0
i don t know u and u don t know me send chat to NUMBER now and let s find each other only NUMBER p msg rcvd hg suite NUMBER NUMBER lands row w NUMBER j NUMBER hl ldn NUMBER years or over,1
lol please do actually send a pic of yourself right now i wanna see pose with a comb and hair dryer or something,0
o was not into fps then,0
huh means computational science y they like dat one push here n there,0
could you not read me my love i answered you,0
oh lk tt den we take e one tt ends at cine lor dun wan yogasana oso can,0
madam regret disturbance might receive a reference check from dlf premarica kindly be informed rgds rakhesh kerala,0
sms services for your inclusive text credits pls gotto URL login NUMBER qxj NUMBER unsubscribe with stop no extra charge help NUMBER comuk NUMBER cm NUMBER NUMBER ae,1
oic then better quickly go bathe n settle down,0
err cud do i m going to at NUMBER pm i haven t got a way to contact him until then,0
a bloo bloo bloo i ll miss the first bowl,0
lmao but its so fun,0
oh k k but he is not a big hitter anyway good,0
hey i almost forgot happy b day babe i love ya,0
valentines day special win over NUMBER in our quiz and take your partner on the trip of a lifetime send go to NUMBER now NUMBER p msg rcvd custcare NUMBER,1
do you think i can move lt gt in a week,0
she s find i sent you an offline message to know how anjola s now,0
guess who am i this is the first time i created a web page URL read all i wrote i m waiting for your opinions i want to be your friend NUMBER NUMBER,1
how was txting and driving,0
that s good lets thank god please complete the drug have lots of water and have a beautiful day,0
really dun bluff me leh u sleep early too nite,0
indians r poor but india is not a poor country says one of the swiss bank directors he says that lt gt lac crore of indian money is deposited in swiss banks which can be used for taxless budget for lt gt yrs can give lt gt crore jobs to all indians from any village to delhi NUMBER lane roads forever free power suply to more than lt gt social projects every citizen can get monthly lt gt for lt gt yrs no need of world bank amp imf loan think how our money is blocked by rich politicians we have full rights against corrupt politicians itna forward karo ki pura india padhe g m,0
uncle boye i need movies oh guide me plus you know torrents are not particularly legal here and the system is slowing down what should i do have a gr NUMBER day plus have you started cos i dont meet you online how was the honey moon,0
oh ya ya i remember da,0
btw regarding that we should really try to see if anyone else can be our NUMBER th guy before we commit to a random dude,0
for ur chance to win NUMBER cash every wk txt play to NUMBER t s c s URL custcare NUMBER NUMBER x NUMBER p wk,1
i not busy juz dun wan NUMBER go so early hee,0
rightio NUMBER NUMBER it is then well arent we all up bright and early this morning,0
great i m in church now will holla when i get out,0
back in brum thanks for putting us up and keeping us all and happy see you soon,0
i donno if they are scorable,0
lt gt great loxahatchee xmas tree burning update you can totally see stars here,0
yes but i dont care i need you bad princess,0
the guy kadeem hasn t been selling since the break i know one other guy but he s paranoid as fuck and doesn t like selling without me there and i can t be up there til late tonight,0
sorry i ll call later,0
tmr then brin lar aiya later i come n c lar mayb neva set properly got da help sheet wif,0
do u knw dis no lt gt,0
then she dun believe wat,0
k give back my thanks,0
i know complain num only bettr directly go to bsnl offc nd apply for it,0
okay i ve seen it so i should pick it on friday,0
how much she payed suganya,0
left dessert u wan me NUMBER go suntec look NUMBER u,0
abeg make profit but its a start are you using it to get sponsors for the next event,0
onum ela pa normal than,0
k k how is your sister kids,0
cool i ll text you when i m on the way,0
nope meanwhile she talk say make i greet you,0
i cant talk to you now i will call when i can dont keep calling,0
anything lar,0
rose needs water season needs change poet needs imagination my phone needs ur sms and i need ur lovely frndship forever,0
good afternoon babe how goes that day any job prospects yet i miss you my love sighs,0
they will pick up and drop in car so no problem,0
s i think he is waste for rr,0
he is world famamus,0
is there coming friday is leave for pongal do you get any news from your work place,0
lol well don t do it without me we could have a big sale together,0
am on my way,0
eat at old airport road but now NUMBER oredi got a lot of pple,0
sry can t talk on phone with parents,0
final chance claim ur NUMBER worth of discount vouchers today text yes to NUMBER now savamob member offers mobile t cs savamob pobox NUMBER m NUMBER uz NUMBER NUMBER subs NUMBER,1
ok lor wat time finish,0
princess i like to make love lt gt times per night hope thats not a problem,0
mm i am on the way to railway,0
i dnt wnt to tlk wid u,0
i m done i m sorry i hope your next space gives you everything you want remember all the furniture is yours if i m not around when you move it just lock all the locks and leave the key with jenne,0
not yet just i d like to keep in touch and it will be the easiest way to do that from barcelona by the way how ru and how is the house,0
sppok up ur mob with a halloween collection of nokia logo pic message plus a free eerie tone txt card spook to NUMBER,1
urgent call NUMBER from landline your complementary NUMBER tenerife holiday or NUMBER NUMBER cash await collection sae t cs po box NUMBER wa NUMBER NUMBER px NUMBER ppm NUMBER sender hol offer,1
k do it at evening da urgent,0
pansy you ve been living in a jungle for two years its my driving you should be more worried about,0
mm have some kanji dont eat anything heavy ok,0
only if you promise your getting out as soon as you can and you ll text me in the morning to let me know you made it in ok,0
lol that s different i don t go trying to find every real life photo you ever took,0
i dont thnk its a wrong calling between us,0
k ill drink pa then what doing i need srs model pls send it to my mail id pa,0
aiyah e rain like quite big leh if drizzling i can at least run home,0
i have NUMBER docs appointments next week i m tired of them shoving stuff up me ugh why couldn t i have had a normal body,0
dun b sad it s over dun thk abt it already concentrate on ur other papers k,0
greetings me consider yourself excused,0
no drama pls i have had enough from you and family while i am struggling in the hot sun in a strange place no reason why there should be an ego of not going if not invited when actually its necessity to go wait for very serious reppurcussions,0
they released another italian one today and it has a cosign option,0
you at mu you should try to figure out how much money everyone has for gas and alcohol jay and i are trying to figure out our weed budget,0
winner as a valued network customer you hvae been selected to receive a NUMBER reward to collect call NUMBER valid NUMBER hours only acl NUMBER pm,1
hcl chennai requires freshers for voice process excellent english needed salary upto lt gt call ms suman lt gt for telephonic interview via indyarocks com,0
dai what this da can i send my resume to this id,0
i know where the lt gt is i ll be there around NUMBER,0
yup i ve finished c there,0
remember to ask alex about his pizza,0
no da today also i forgot,0
ola would get back to you maybe not today but i ve told him you can be his direct link in the us in getting cars he bids for online you arrange shipping and you get a cut or u for a partnership where u invest money for shipping and he takes care of the rest u wud b self reliant soon dnt worry,0
fwiw the reason i m only around when it s time to smoke is that because of gas i can only afford to be around when someone tells me to be and that apparently only happens when somebody wants to light up,0
hello my boytoy i made it home and my constant thought is of you my love i hope your having a nice visit but i can t wait till you come home to me kiss,0
congrats kano whr s the treat maga,0
who u talking about,0
yup,0
ok,0
u wake up already wat u doing u picking us up later rite i m taking sq NUMBER reaching ard NUMBER smth NUMBER like dat u can check e arrival time c ya soon,0
yunny i m walking in citylink now faster come down me very hungry,0
er yep sure props,0
hiya have u been paying money into my account if so thanks got a pleasant surprise when i checked my balance u c i don t get statements NUMBER that acc,0
u have won a nokia NUMBER plus a free digital camera this is what u get when u win our free auction to take part send nokia to NUMBER now pobox NUMBER NUMBER tcr w NUMBER NUMBER,1
ok ill send you with in lt decimal gt ok,0
bognor it is should be splendid at this time of year,0
yes i m in office da,0
sorry i ll call later,0
joy s father is john then john is the name of joy s father mandan,0
ok i only ask abt e movie u wan ktv oso,0
misplaced your number and was sending texts to your old number wondering why i ve not heard from you this year all the best in your mcat got this number from my atlanta friends,0
sorry i ll call later,0
dunno lei i might b eatin wif my frens if wan to eat then i wait NUMBER lar,0
sorry i ll call later,0
free entry into our NUMBER weekly comp just send the word win to NUMBER now NUMBER t c URL,1
say this slowly god i love you amp i need you clean my heart with your blood send this to ten special people amp u c miracle tomorrow do it pls pls do it,0
do u noe how NUMBER send files between NUMBER computers,0
mmmmm i loved waking to your words this morning i miss you too my love i hope your day goes well and you are happy i wait for us to be together again,0
jay says he ll put in lt gt,0
can you just come in for a sec there s somebody here i want you to see,0
so the sun is anti sleep medicine,0
what s happening with you have you gotten a job and have you begun registration for permanent residency,0
yup ok,0
glad it went well come over at NUMBER then we ll have plenty of time before claire goes to work,0
ok enjoy r u there in home,0
can you pls pls send me a mail on all you know about relatives coming to deliver here all you know about costs risks benefits and anything else thanks,0
you do what all you like,0
that s y we haf to combine n c how lor,0
the monthly amount is not that terrible and you will not pay anything till NUMBER months after finishing school,0
hmmm how many players selected,0
they said if its gonna snow it will start around NUMBER or NUMBER pm tonite they are predicting an inch of accumulation,0
i dont can you send it to me plus how s mode,0
aiyo please got time meh,0
package all your programs well,0
she is our sister she belongs NUMBER our family she is d hope of tomorrow pray NUMBER her who was fated NUMBER d shoranur train incident lets hold our hands together amp fuelled by love amp concern prior NUMBER her grief amp pain pls join in dis chain amp pass it stop violence against women,0
so are you guys asking that i get that slippers again or its gone with last year,0
company is very good environment is terrific and food is really nice,0
text NUMBER get more ringtones logos and games from URL questions info txt NUMBER co uk,1
honestly i ve just made a lovely cup of tea and promptly dropped my keys in it and then burnt my fingers getting them out,0
yup but not studying surfing lor i m in e lazy mode today,0
please sen my kind advice please come here and try,0
i m done c there,0
oh fine i ll be by tonight,0
give me some time to walk there,0
i ll reach in ard NUMBER mins ok,0
freemsg you have been awarded a free mini digital camera just reply snap to collect your prize quizclub opt out stop NUMBER p wk sp rwm ph NUMBER,1
fuck babe what happened to you how come you never came back,0
this message is brought to you by gmw ltd and is not connected to the,1
some friends want me to drive em someplace probably take a while,0
i also thk too fast xy suggest one not me u dun wan it s ok going NUMBER rain leh where got gd,0
are you still getting the goods,0
and maybe some pressies,0
yeah i am so i ll leave maybe NUMBER ish,0
k k i m also fine when will you complete the course,0
under the sea there lays a rock in the rock there is an envelope in the envelope there is a paper on the paper there are NUMBER words,0
i told her i had a dr appt next week she thinks i m gonna die i told her its just a check nothing to be worried about but she didn t listen,0
you in your room i need a few,0
i dont want to hear anything,0
hey for me there is no leave on friday wait i will ask my superior and tell you,0
ultimately tor motive tui achieve korli,0
from NUMBER to NUMBER only my work timing,0
and don t worry we ll have finished by march ish,0
the house is on the water with a dock a boat rolled up with a newscaster who dabbles in jazz flute behind the wheel,0
congrats NUMBER mobile NUMBER g videophones r yours call NUMBER now videochat wid ur mates play java games dload polyph music noline rentl bx NUMBER ip NUMBER NUMBER we NUMBER p,1
your next amazing xxx picsfree NUMBER video will be sent to you enjoy if one vid is not enough for NUMBER day text back the keyword picsfree NUMBER to get the next video,1
now thats going to ruin your thesis,0
in sch but neva mind u eat NUMBER st lor,0
hey whats up u sleeping all morning,0
erm i thought the contract ran out the NUMBER th of october,0
i dunno until when lets go learn pilates,0
u are subscribed to the best mobile content service in the uk for NUMBER per ten days until you send stop to NUMBER helpline NUMBER,1
yup i m elaborating on the safety aspects and some other issues,0
NUMBER free tarot texts find out about your love life now try NUMBER for free text chance to NUMBER NUMBER only after NUMBER free msgs NUMBER NUMBER each,1
goodmorning today i am late for NUMBER hr,0
hi happy birthday hi hi hi hi hi hi hi,0
i will be outside office take all from there,0
if you don t respond imma assume you re still asleep and imma start calling n shit,0
aight see you in a bit,0
my superior telling that friday is leave for all other department except ours so it will be leave for you any way call waheed fathima hr and conform it,0
join the uk s horniest dogging service and u can have sex NUMBER nite just sign up and follow the instructions txt entry to NUMBER now nyt ec NUMBER a NUMBER lp msg NUMBER p,1
lol i have to take it member how i said my aunt flow didn t visit for NUMBER months it s cause i developed ovarian cysts bc is the only way to shrink them,0
still work going on it is very small house,0
my friend just got here and says he s upping his order by a few grams he s got lt gt when can you get here,0
tmr timin still da same wat cos i got lesson until NUMBER,0
that s the thing with apes u can fight to the death to keep something but the minute they have it when u let go thats it,0
sunshine quiz wkly q win a top sony dvd player if u know which country liverpool played in mid week txt ansr to NUMBER NUMBER NUMBER sp tyrone,1
no i m not gonna be able to too late notice i ll be home in a few weeks anyway what are the plans,0
got fujitsu ibm hp toshiba got a lot of model how to say,0
okie thanx,0
gosh that what a pain spose i better come then,0
as usual iam fine happy amp doing well,0
okie,0
so when you gonna get rimac access,0
im at arestaurant eating squid i will be out about NUMBER NUMBER wanna dosomething or is that to late,0
you call times job today ok umma and ask them to speed up,0
hello u call wen u finish wrk i fancy meetin up wiv u all tonite as i need a break from dabooks did NUMBER hrs last nite NUMBER today of wrk,0
r u sam p in eachother if we meet we can go NUMBER my house,0
yeah lol luckily i didn t have a starring role like you,0
hello madam how are you,0
awesome text me when you re restocked,0
as usual iam fine happy amp doing well,0
knock knock txt whose there to NUMBER to enter r weekly draw NUMBER a NUMBER gift voucher NUMBER a store of yr choice t cs URL age NUMBER to stoptxtstop NUMBER NUMBER week,1
yes it s all innocent fun o,0
thanks for sending this mental ability question,0
sir hope your day is going smoothly i really hoped i wont have to bother you about this i have some bills that i can t settle this month i am out of all extra cash i know this is a challenging time for you also but i have to let you know,0
NUMBER marrow only wed at lt gt to NUMBER aha,0
i went to ur hon lab but no one is there,0
i cant pick the phone right now pls send a message,0
hey pple NUMBER or NUMBER for NUMBER nights excellent location wif breakfast hamper,0
forwarded from NUMBER hi this is your mailbox messaging sms alert you have NUMBER matches please call back on NUMBER to retrieve your messages and matches cc NUMBER p min,1
how come,0
lol nah wasn t too bad thanks its good to b home but its been quite a reality check hows ur day been did u do anything with website,0
ok lor,0
i m coming home NUMBER dinner,0
s da al r above lt gt,0
free ring tone just text polys to NUMBER then every week get a new tone NUMBER yrs only NUMBER NUMBER wk,1
unni thank you dear for the recharge rakhesh,0
i know i m lacking on most of this particular dramastorm s details but for the most part i m not worried about that,0
haha they cant what at the most tmr forfeit haha so how,0
hey there glad u r better now i hear u treated urself to a digi cam is it good we r off at NUMBER pm have a fab new year c u in coupla wks,0
no way i m going back there,0
urgent your mobile no NUMBER xxx won a NUMBER NUMBER bonus caller prize on NUMBER NUMBER NUMBER this is the NUMBER nd attempt to reach you call NUMBER asap box NUMBER n NUMBER qp NUMBER ppm,1
i will cal you sir in meeting,0
that s what i love to hear v see you sundayish then,0
sorry da thangam very very sorry i am held up with prasad,0
tiwary to rcb battle between bang and kochi,0
thank god they are in bed,0
no i don t have cancer moms making a big deal out of a regular checkup aka pap smear,0
am in gobi arts college,0
why she wants to talk to me,0
pandy joined NUMBER w technologies today he got job,0
you are guaranteed the latest nokia phone a NUMBER gb ipod mp NUMBER player or a NUMBER prize txt word collect to no NUMBER ibhltd ldnw NUMBER h NUMBER p mtmsgrcvd NUMBER,1
they can try they can get lost in fact tee hee,0
hi you just spoke to maneesha v we d like to know if you were satisfied with the experience reply toll free with yes or no,0
my friends use to call the same,0
sorry i ll call later,0
em its olowoyey usc edu have a great time in argentina not sad about secretary everything is a blessing,0
it s a taxt massage tie pos argh ok lool,0
hi can i please get a lt gt dollar loan from you i ll pay you back by mid february pls,0
you might want to pull out more just in case and just plan on not spending it if you can i don t have much confidence in derek and taylor s money management,0
do you like shaking your booty on the dance floor,0
text me when you get off don t call my phones having problems,0
no need for the drug anymore,0
sorry da i was thought of calling you lot of times lil busy i will call you at noon,0
its sarcasm nt scarcasim,0
great i have to run now so ttyl,0
feel like trying kadeem again v,0
dai lt gt naal eruku,0
not yet chikku wat abt u,0
ok,0
want to finally have lunch today,0
do you know when dad will be back,0
hello darling how are you today i would love to have a chat why dont you tell me what you look like and what you are in to sexy,1
NUMBER free for NUMBER st week no NUMBER nokia tone NUMBER ur mob every week just txt nokia to NUMBER get txting and tell ur mates URL pobox NUMBER w NUMBER NUMBER wq norm NUMBER p tone NUMBER,1
he remains a bro amongst bros,0
r u meeting da ge at nite tmr,0
was a nice day and impressively i was sensible went home early and now feel fine or am i just boring when s yours i can t remember,0
why de you looking good only,0
wanna get laid NUMBER nite want real dogging locations sent direct to ur mobile join the uk s largest dogging network txt park to NUMBER now nyt ec NUMBER a NUMBER lp NUMBER NUMBER msg,1
we tried to contact you re your response to our offer of a new nokia fone and camcorder hit reply or call NUMBER for delivery,1
yes they replied my mail i m going to the management office later plus will in to bank later also or on wednesday,0
that s cool i ll come by like lt gt ish,0
super msg da nalla timing,0
good afternoon my boytoy how are you feeling today better i hope are you being my good boy are you my obedient slave do you please your queen,0
i am NUMBER ft we will be a good combination,0
i m sick i m needy i want you pouts stomps feet where are you pouts stomps feet i want my slave i want him now,0
am on a train back from northampton so i m afraid not,0
where in abj are you serving are you staying with dad or alone,0
was playng NUMBER doors game and gt racing on phone lol,0
new tones this week include NUMBER mcfly all ab NUMBER sara jorge shock NUMBER will smith switch to order follow instructions on next message,1
solve d case a man was found murdered on lt decimal gt lt gt afternoon NUMBER his wife called police NUMBER police questioned everyone NUMBER wife sir i was sleeping when the murder took place NUMBER cook i was cooking NUMBER gardener i was picking vegetables NUMBER house maid i went NUMBER d post office NUMBER children we went NUMBER play NUMBER neighbour we went NUMBER a marriage police arrested d murderer immediately who s it reply with reason if u r brilliant,0
i m on da bus going home,0
i got a call from a landline number i am asked to come to anna nagar i will go in the afternoon,0
i m okay chasing the dream what s good what are you doing next,0
yupz i ve oredi booked slots NUMBER my weekends liao,0
urgent we are trying to contact u todays draw shows that you have won a NUMBER prize guaranteed call NUMBER from land line claim c NUMBER valid NUMBER hrs only,1
there r many model sony ericson also der lt gt it luks good bt i forgot modl no,0
okie,0
yes i know the cheesy songs from frosty the snowman,0
ya ok vikky vl c witin lt gt mins and il reply u,0
sports fans get the latest sports news str NUMBER ur mobile NUMBER wk free plus a free tone txt sport on to NUMBER URL NUMBER norm NUMBER txt NUMBER p,1
hey tmr meet at bugis NUMBER,0
urgent urgent we have NUMBER free flights to europe to give away call b NUMBER NUMBER th sept take a friend NUMBER free call now to claim on NUMBER ba NUMBER nnfwfly NUMBER ppm,1
all these nice new shirts and the only thing i can wear them to is nudist themed you in mu,0
hey sexy buns what of that day no word from you this morning on ym i think of you,0
and whenever you and i see we can still hook up too,0
nope but i m going home now then go pump petrol lor like going NUMBER rain soon,0
can you use foreign stamps for whatever you send them off for,0
from NUMBER lost NUMBER help,1
oh baby of the house how come you dont have any new pictures on facebook,0
feb lt gt is i love u day send dis to all ur valued frnds evn me if NUMBER comes back u ll gt married d person u luv if u ignore dis u will lose ur luv NUMBER evr,0
hiya sorry didn t hav signal i haven t seen or heard from and neither has which is unusual in itself i ll put on the case and get him to sort it out hugs and snogs,0
omw back to tampa from west palm you hear what happened,0
yup no more already thanx NUMBER printing n handing it up,0
freemsg fancy a flirt reply date now join the uks fastest growing mobile dating service msgs rcvd just NUMBER p to optout txt stop to NUMBER reply date now,1
what i mean is do they come chase you out when its over or is it stated you can watch as many movies as you want,0
s now only i took tablets reaction morning only,0
great new offer double mins double txt on best orange tariffs and get latest camera phones NUMBER free call mobileupd NUMBER free on NUMBER now or NUMBER stoptxt t cs,1
nah i m a perpetual dd,0
sorry de i went to shop,0
hope you enjoyed your new content text stop to NUMBER to unsubscribe help NUMBER p provided by tones NUMBER you co uk,1
wen ur lovable bcums angry wid u dnt take it seriously coz being angry is d most childish n true way of showing deep affection care n luv kettoda manda have nice day da,0
hey you still want to go for yogasana coz if we end at cine then can go bathe and hav the steam bath,0
nope i m not drivin i neva develop da photos lei,0
i am thinking of going down to reg for pract lessons flung my advance haha wat time u going,0
cool i am lt gt inches long hope you like them big,0
house maid is the murderer coz the man was murdered on lt gt th january as public holiday all govt instituitions are closed including post office understand,0
okie thanx,0
NUMBER days to euro NUMBER kickoff u will be kept informed of all the latest news and results daily unsubscribe send get euro stop to NUMBER,1
go where n buy juz buy when we get there lar,0
ok lor,0
i m working technical support voice process,0
it s justbeen overa week since we broke up and already our brains are going to mush,0
tunde how are you doing this is just wishing you a great day abiola,0
nope c then,0
no but we ll do medical missions to nigeria,0
no i am not having not any movies in my laptop,0
whatsup there dont u want to sleep,0
urgent please call NUMBER from landline NUMBER cash or a luxury NUMBER canary islands holiday await collection t cs sae award NUMBER m NUMBER aq NUMBER ppm NUMBER,1
urgent please call NUMBER from your landline your complimentary NUMBER lux costa del sol holiday or NUMBER cash await collection ppm NUMBER sae t cs james NUMBER eh NUMBER rr,1
i havent lei next mon can,0
mm feeling sleepy today itself i shall get that dear,0
how dare you stupid i wont tell anything to you hear after i wont talk to you,0
do noe if ben is going,0
can you do a mag meeting this avo at some point,0
i meant middle left or right,0
really i crashed out cuddled on my sofa,0
hi chachi tried calling u now unable to reach u pl give me a missed cal once u c tiz msg kanagu,0
i sent you the prices and do you mean the lt gt g,0
are you this much buzy,0
nothing can,0
i don t know u and u don t know me send chat to NUMBER now and let s find each other only NUMBER p msg rcvd hg suite NUMBER NUMBER lands row w NUMBER j NUMBER hl ldn NUMBER years or over,1
no am working on the ringing u thing but have whole houseful of screaming brats so am pulling my hair out loving u,0
but my family not responding for anything now am in room not went to home for diwali but no one called me and why not coming it makes me feel like died,0
tick tick tick babe,0
r going NUMBER today s meeting,0
k da how many page you want,0
ya had just now onion roast,0
send his number and give reply tomorrow morning for why you said that to him like that ok,0
you said not now no problem when you can let me know,0
ok but tell me half an hr b NUMBER u come i need NUMBER prepare,0
play w computer aiyah i tok NUMBER u lor,0
sat right okay thanks,0
derp which is worse a dude who always wants to party or a dude who files a complaint about the three drug abusers he lives with,0
ok chinese food on its way when i get fat you re paying for my lipo,0
we r outside already,0
have a good trip watch out for remember when you get back we must decide about easter,0
yo we are watching a movie on netflix,0
what time i m out until prob NUMBER or so,0
can meh thgt some will clash really ah i dun mind i dun seen to have lost any weight gee,0
i dont thnk its a wrong calling between us,0
i am not sure about night menu i know only about noon menu,0
arr birthday today i wish him to get more oscar,0
say this slowly god i love you amp i need you clean my heart with your blood send this to ten special people amp u c miracle tomorrow do it pls pls do it,0
open rebtel with firefox when it loads just put plus sign in the user name place and it will show you two numbers the lower number is my number once you pick that number the pin will display okay,0
and picking them up from various points,0
married local women looking for discreet action now NUMBER real matches instantly to your phone text match to NUMBER msg cost NUMBER p NUMBER stop txt stop bcmsfwc NUMBER n NUMBER xx,1
wow v v impressed have funs shopping,0
i am on the way to ur home,0
burger king wanna play footy at a top stadium get NUMBER burger king before NUMBER st sept and go large or super with coca cola and walk out a winner,1
no problem talk to you later,0
then ur sis how,0
still in customer place,0
how come it takes so little time for a child who is afraid of the dark to become a teenager who wants to stay out all night,1
dude u knw also telugu thts gud k gud nyt,0
we confirm eating at esplanade,0
send me your id and password,0
kind of took it to garage centre part of exhaust needs replacing part ordered n taking it to be fixed tomo morning,0
for ur chance to win a NUMBER cash every wk txt action to NUMBER t s c s URL custcare NUMBER NUMBER x NUMBER p wk,1
well i might not come then,0
long after i quit i get on only like NUMBER minutes a day as it is,0
then its most likely called mittelschmertz google it if you dont have paracetamol dont worry it will go,0
well at this right i m gonna have to get up and check today s steam sales pee so text me when you want me to come get you,0
just arrived see you in a couple days lt NUMBER,0
k wat s tht incident,0
yeah get the unlimited,0
cthen i thk shd b enuff still got conclusion n contents pg n references i ll b doing da contents pg n cover pg,0
forgot it takes me NUMBER years to shower sorry where you at your phone dead yet,0
got wat to buy tell us then no need to come in again,0
when you are big god will bring success,0
u ve bin awarded NUMBER to play NUMBER instant cash call NUMBER to claim every NUMBER th player wins min NUMBER NUMBER optout NUMBER,1
we r stayin here an extra week back next wed how did we do in the rugby this weekend hi to and and c u soon,0
well there s still a bit left if you guys want to tonight,0
not from this campus are you in the library,0
the affidavit says lt gt e twiggs st division g courtroom lt gt lt time gt am i ll double check and text you again tomorrow,0
how will i creep on you now,0
tell your friends what you plan to do on valentines day lt url gt,0
if i get there before you after your ten billion calls and texts so help me god,0
purity of friendship between two is not about smiling after reading the forwarded message its about smiling just by seeing the name gud evng musthu,0
i ve told him that i ve returned it that should i re order it,0
house maid is the murderer coz the man was murdered on lt gt th january as public holiday all govt instituitions are closed including post office,0
depends on where u going lor,0
and smile for me right now as you go and the world will wonder what you are smiling about and think your crazy and keep away from you grins,0
freemsg fav xmas tones reply real,1
lil fever now fine,0
i think it s all still in my car,0
can a not,0
december only had your mobile NUMBER mths you are entitled to update to the latest colour camera mobile for free call the mobile update co free on NUMBER,1
yes princess i want to catch you with my big strong hands,0
oh yeah i forgot u can only take NUMBER out shopping at once,0
mm so you asked me not to call radio,0
thinkin about someone is all good no drugs for that,0
say this slowly god i love you amp i need you clean my heart with your blood send this to ten special people amp u c miracle tomorrow do it pls pls do it,0
enjoy the showers of possessiveness poured on u by ur loved ones bcoz in this world of lies it is a golden gift to be loved truly,0
alright if you re sure let me know when you re leaving,0
some are lasting as much as NUMBER hours you might get lucky,0
genius what s up how your brother pls send his number to my skype,0
gr NUMBER poly tones NUMBER all mobs direct NUMBER u rply with poly title to NUMBER eg poly breathe NUMBER titles crazyin sleepingwith finest ymca getzed co uk pobox NUMBER o NUMBER w NUMBER wq NUMBER p,1
thk some of em find wtc too far weiyi not goin e rest i dunno yet r ur goin NUMBER dinner den i might b able to join,0
don t forget who owns you and who s private property you are and be my good boy always passionate kiss,0
interflora it s not too late to order interflora flowers for christmas call NUMBER NUMBER to place your order before midnight tomorrow,1
oh god taken the teeth is it paining,0
romcapspam everyone around should be responding well to your presence since you are so warm and outgoing you are bringing in a real breath of sunshine,1
then u ask darren go n pick u lor but i oso sian tmr haf NUMBER meet lect,0
no need to buy lunch for me i eat maggi mee,0
congratulations thanks to a good friend u have won the NUMBER NUMBER xmas prize NUMBER claim is easy just call NUMBER now only NUMBER p per minute bt national rate,1
ok lor,0
oh right ok i ll make sure that i do loads of work during the day got a really nasty cough today and is dry n shot so that should really help it,0
wife how she knew the time of murder exactly,0
send a logo NUMBER ur lover NUMBER names joined by a heart txt love name NUMBER name NUMBER mobno eg love adam eve NUMBER to NUMBER yahoo pobox NUMBER w NUMBER wq txtno NUMBER no ads NUMBER p,1
howz that persons story,0
thanx NUMBER sending me home,0
its normally hot mail com you see,0
you ve won tkts to the euro NUMBER cup final or NUMBER cash to collect call NUMBER b NUMBER pobox NUMBER ppm,1
u sick still can go shopping,0
ya they are well and fine bbd pooja full pimples even she become quite black and ur rite here its too cold wearing sweatter,0
nice nice how is it working,0
NUMBER s reach home call me,0
were trying to find a chinese food place around here,0
easy mate guess the quick drink was bit ambitious,0
babe i miiiiiiissssssssss you i need you i crave you geeee i m so sad without you babe i love you,0
ok thanx,0
aathi where are you dear,0
tunji how s the queen how are you doing this is just wishing you a great day abiola,0
today iz yellow rose day if u love my frndship give me NUMBER misscall amp send this to ur frndz amp see how many miss calls u get if u get NUMBER missed u marry ur lover,0
will be out of class in a few hours sorry,0
wat time u finish ur lect today,0
free message jamster get the crazy frog sound now for poly text mad NUMBER for real text mad NUMBER to NUMBER NUMBER crazy sounds for just NUMBER gbp week NUMBER only t c s apply,1
sad story of a man last week was my b day my wife did nt wish me my parents forgot n so did my kids i went to work even my colleagues did not wish as i entered my cabin my pa said happy b day boss i felt special she askd me NUMBER lunch after lunch she invited me to her apartment we went there she said do u mind if i go into the bedroom for a minute ok i sed in a sexy mood she came out NUMBER minuts latr wid a cake n my wife my parents my kidz my friends n my colleagues all screaming surprise and i was waiting on the sofa naked,0
your chance to be on a reality fantasy show call now NUMBER just NUMBER p per min ntt ltd po box NUMBER croydon cr NUMBER NUMBER wb NUMBER is a national rate call,1
she s fine good to hear from you how are you my dear happy new year oh,0
are you going to wipro interview today,0
how tall are you princess,0
i doubt you could handle NUMBER times per night in any case,0
haha hope can hear the receipt sound gd luck,0
your gonna be the death if me i m gonna leave a note that says its all robs fault avenge me,0
japanese proverb if one can do it u too can do it if none can do it u must do it indian version if one can do it let him do it if none can do it leave it and finally kerala version if one can do it stop him doing it if none can do it make a strike against it,0
today i m not workin but not free oso gee thgt u workin at ur fren s shop,0
in life when you face choices just toss a coin not becoz its settle the question but while the coin in the air u will know what your heart is hoping for gudni NUMBER,0
do you know why god created gap between your fingers so that one who is made for you comes amp fills those gaps by holding your hand with love,0
i want to be there so i can kiss you and feel you next to me,0
i am not at all happy with what you saying or doing,0
adult NUMBER content your video will be with you shortly,1
ok that would b lovely if u r sure think about wot u want to do drinkin dancin eatin cinema in out about up to u wot about,0
what i m saying is if you haven t explicitly told nora i know someone i m probably just not gonna bother,0
he says hi and to get your ass back to south tampa preferably at a kegger,0
smith waste da i wanna gayle,0
mum i ve sent you many many messages since i got here i just want to know that you are actually getting them do enjoy the rest of your day,0
aight tomorrow around lt gt it is,0
house maid is the murderer coz the man was murdered on lt gt th january as public holiday all govt instituitions are closed including post office understand,0
your chance to be on a reality fantasy show call now NUMBER just NUMBER p per min ntt ltd po box NUMBER croydon cr NUMBER NUMBER wb NUMBER is a national rate call,1
i actually did for the first time in a while i went to bed not too long after i spoke with you woke up at NUMBER how was your night,0
see you there,0
i dont understand your message,0
crucify is c not s you should have told me earlier,0
idk you keep saying that you re not but since he moved we keep butting heads over freedom vs responsibility and i m tired i have so much other shit to deal with that i m barely keeping myself together once this gets added to it,0
fuck cedar key and fuck her come over anyway tho,0
twenty past five he said will this train have been to durham already or not coz i am in a reserved seat,0
hey boys want hot xxx pics sent direct NUMBER ur phone txt porn to NUMBER NUMBER hrs free and then just NUMBER p per day to stop text stopbcm sf wc NUMBER n NUMBER xx,1
u still painting ur wall,0
last chance claim ur NUMBER worth of discount vouchers today text shop to NUMBER now savamob offers mobile t cs savamob pobox NUMBER m NUMBER uz NUMBER NUMBER sub NUMBER,1
printer is cool i mean groovy wine is groovying,0
hi harish s rent has been transfred to ur acnt,0
anything lor is she coming,0
cbe is really good nowadays lot of shop and showrooms city is shaping good,0
still attending da talks,0
no probs hon how u doinat the mo,0
k i ll take care of it,0
i take it we didn t have the phone callon friday can we assume we won t have it this year now,0
my battery is low babe,0
shuhui has bought ron s present it s a swatch watch,0
yeah there s quite a bit left i ll swing by tomorrow when i get up,0
babe you said NUMBER hours and it s been almost NUMBER is your internet down,0
k i ll be sure to get up before noon and see what s what,0
k k yesterday i was in cbe,0
went to ganesh dress shop,0
pdate now double mins and NUMBER txts on orange tariffs latest motorola sonyericsson nokia bluetooth free call mobileupd NUMBER on NUMBER or call NUMBER optout yhl,1
collecting ur laptop then going to configure da settings izzit,0
if you r home then come down within NUMBER min,0
aight i should be there by NUMBER at the latest probably closer to NUMBER are jay and tyler down or should we just do two trips,0
come aftr lt decimal gt now i m cleaning the house,0
ur cash balance is currently NUMBER pounds to maximize ur cash in now send cash to NUMBER only NUMBER p msg cc NUMBER po box NUMBER NUMBER tcr w NUMBER,1
bill as in are there any letters for me i m expecting one from orange that isn t a bill but may still say orange on it,0
tell me pa how is pain de,0
hi darlin i hope you had a nice night i wish i had come cant wait to see you love fran ps i want dirty anal sex and i want a NUMBER man gang bang,0
ha you don t know either i did a a clever but simple thing with pears the other day perfect for christmas,0
helloooo wake up sweet morning welcomes you enjoy this day with full of joy gud mrng,0
alrite,0
why must we sit around and wait for summer days to celebrate such a magical sight when the worlds dressed in white oooooh let there be snow,0
urgent your mobile number has been awarded with a NUMBER prize guaranteed call NUMBER from land line claim NUMBER valid NUMBER hrs only,1
how do you guys go to see movies on your side,0
sorry in meeting i ll call later,0
you didn t have to tell me that now i m thinking plus he s going to stop all your runs,0
kindly send some one to our flat before lt decimal gt today,0
sorry u can not unsubscribe yet the mob offer package has a min term of NUMBER weeks pls resubmit request after expiry reply themob help NUMBER more info,1
nothing lor a bit bored too then y dun u go home early NUMBER sleep today,0
what time should i tell my friend to be around,0
yes that will be fine love you be safe,0
thanks chikku gud nyt,0
is xy in ur car when u picking me up,0
thanx NUMBER the time we ve spent NUMBER geva its bin mint ur my baby and all i want is u xxxx,0
yo any way we could pick something up tonight,0
i ve not sent it he can send me,0
fine am simply sitting,0
thts god s gift for birds as humans hav some natural gift frm god,0
are you coming to day for class,0
im done just studyn in library,0
ok u enjoy ur shows,0
anything,0
where wuld i be without my baby the thought alone mite break me and i don t wanna go crazy but everyboy needs his lady xxxxxxxx,0
wat s my dear doing sleeping ah,0
hi test on lt gt rd,0
only NUMBER students solved this cat question in xam NUMBER NUMBER NUMBER lt gt NUMBER NUMBER NUMBER lt gt NUMBER NUMBER NUMBER lt gt then NUMBER NUMBER NUMBER tell me the answer if u r brilliant NUMBER thing i got d answr,0
yo do you know anyone lt gt or otherwise able to buy liquor our guy flaked and right now if we don t get a hold of somebody its just NUMBER loko all night,0
yup n her fren lor i m meeting my fren at NUMBER,0
yeah we got one lined up for us,0
and stop wondering wow is she ever going to stop tm ing me because i will tm you whenever i want because you are mine laughs,0
lol yep did that yesterday already got my fireplace now its just another icon sitting there for me,0
hey i ve booked the pilates and yoga lesson already haha,0
are you ok what happen to behave like this,0
you have NUMBER new message please call NUMBER,1
my supervisor find NUMBER me one lor i thk his students i havent ask her yet tell u aft i ask her,0
hello no news on job they are making me wait a fifth week yeah im up for some woozles and weasels in exeter still but be home about NUMBER,0
no message no responce what happend,0
we currently have a message awaiting your collection to collect your message just call NUMBER,1
hey babe sorry i didn t get sooner gary can come and fix it cause he thinks he knows what it is but he doesn t go as far a ptbo and he says it will cost lt gt bucks i don t know if it might be cheaper to find someone there we don t have any second hand machines at all right now let me know what you want to do babe,0
make that NUMBER NUMBER fucks sake x,0
leave it u will always be ignorant,0
nope but i ll b going NUMBER sch on fri quite early lor cos mys sis got paper in da morn,0
at bruce b downs amp fletcher now,0
where are you you said you would be here when i woke,0
hey now am free you can call me,0
tell me whos this pls,0
urgent your mobile was awarded a NUMBER NUMBER bonus caller prize on NUMBER NUMBER NUMBER our final attempt NUMBER contact u call NUMBER,1
think i might have to give it a miss am teaching til twelve then have lecture at two damn this working thing,0
id have to check but there s only like NUMBER bowls worth left,0
yes there were many sweets,0
i would but i m still cozy and exhausted from last night nobody went to school or work everything is closed,0
u have a secret admirer reveal who thinks u r so special call NUMBER to opt out reply reveal stop NUMBER NUMBER per msg recd cust care NUMBER,1
buzzzz grins did i buzz your ass buzz your chest buzz your cock where do you keep your phone is the vibrator on did you feel it shake,0
sir send to group mail check it,0
i m doing da intro covers energy trends n pros n cons brief description of nuclear fusion n oso brief history of iter n jet got abt NUMBER n half pages,0
none nowhere ikno doesdiscount shitinnit,0
you dont know you jabo me abi,0
do you ever notice that when you re driving anyone going slower than you is an idiot and everyone driving faster than you is a maniac,1
not yet had ya sapna aunty manege y day hogidhe chinnu full weak and swalpa black agidhane,0
are you being good baby,0
neft transaction with reference number lt gt for rs lt decimal gt has been credited to the beneficiary account on lt gt at lt time gt lt gt,0
mostly sports type lyk footbl crckt,0
ma head dey swell oh thanks for making my day,0
u should make a fb list,0
height of confidence all the aeronautics professors wer calld amp they wer askd NUMBER sit in an aeroplane aftr they sat they wer told dat the plane ws made by their students dey all hurried out of d plane bt only NUMBER didnt move he said if it is made by my students this wont even start datz confidence,0
sary just need tim in the bollox it hurt him a lot so he tol me,0
happy new year princess,0
i ll text carlos and let you know hang on,0
don t worry is easy once have ingredients,0
i love u NUMBER my little pocy bell i am sorry but i love u,0
ok omw now you at castor,0
yar lor keep raining non stop or u wan NUMBER go elsewhere,0
xmas offer latest motorola sonyericsson nokia free bluetooth or dvd double mins NUMBER txt on orange call mobileupd NUMBER on NUMBER or call NUMBER optout NUMBER qf NUMBER,1
what u mean u almost done done wif sleeping but i tot u going to take a nap yup i send her liao so i m picking her up at ard NUMBER smth lor,0
NUMBER wonders in my world NUMBER th you NUMBER th ur style NUMBER th ur smile NUMBER th ur personality NUMBER rd ur nature NUMBER nd ur sms and NUMBER st ur lovely friendship good morning dear,0
tonight yeah i d be down for that,0
what should i eat fo lunch senor,0
he said that he had a right giggle when he saw u again you would possibly be the first person NUMBER die from nvq but think how much you could for,0
no break time one how i come out n get my stuff fr,0
reply to win NUMBER weekly what professional sport does tiger woods play send stop to NUMBER to end service,1
i m there and i can see you but you can t see me maybe you should reboot ym i seen the buzz,0
do you still have the grinder,0
no NUMBER polyphonic tone NUMBER ur mob every week just txt pt NUMBER to NUMBER NUMBER st tone free so get txtin now and tell ur friends NUMBER p tone NUMBER reply hl NUMBER info,1
love isn t a decision it s a feeling if we could decide who to love then life would be much simpler but then less magical,0
hot live fantasies call now NUMBER just NUMBER p per min ntt ltd po box NUMBER croydon cr NUMBER NUMBER wb NUMBER is a national rate call,1
k i did t see you k where are you now,0
so i m doing a list of buyers,0
no idea i guess we ll work that out an hour after we re supposed to leave since as usual nobody has any interest in figuring shit out before the last second,0
mm not entirely sure i understood that text but hey ho which weekend,0
they released vday shirts and when u put it on it makes your bottom half naked instead of those white underwear,0
don know he is watching film in computer,0
no b NUMBER thursday,0
oh then your phone phoned me but it disconnected,0
id onluy matters when getting on from offcampus,0
this message is free welcome to the new improved sex dogging club to unsubscribe from this service reply stop msgs NUMBER p NUMBER only,1
excellent i ll see what riley s plans are,0
i will see in half an hour,0
you ve won tkts to the euro NUMBER cup final or NUMBER cash to collect call NUMBER b NUMBER pobox NUMBER ppm,1
ew are you one of them,0
also hi wesley how ve you been,0
ah you see you have to be in the lingo i will let you know wot on earth it is when has finished making it,0
loan for any purpose NUMBER NUMBER NUMBER homeowners tenants welcome have you been previously refused we can still help call free NUMBER NUMBER or text back help,1
update now NUMBER mths half price orange line rental NUMBER mins call mobileupd NUMBER on NUMBER or call NUMBER optout j NUMBER q,1
imagine life without me see how fast u are searching me don t worry l m always there to disturb u goodnoon,0
hm good morning headache anyone,0
yeah no probs last night is obviously catching up with you speak soon,0
free unlimited hardcore porn direct NUMBER your mobile txt porn to NUMBER get free access for NUMBER hrs then chrgd NUMBER p per day txt stop NUMBER exit this msg is free,1
i might go NUMBER sch yar at e salon now v boring,0
lt gt mins but i had to stop somewhere first,0
lt gt is fast approaching so wish u a very happy new year happy sankranti happy republic day happy valentines day happy shivratri happy ugadi happy fools day happy may day happy independence day happy friendship mother father teachers childrens day amp happy birthday NUMBER u happy ganesh festival happy dasara happy diwali happy christmas lt gt good mornings afternoons evenings nights rememberi am the first to wishing u all these your s raj,0
one of the joys in lifeis waking up each daywith thoughts that somewheresomeone cares enough tosend a warm morning greeting,0
i didn t get the second half of that message,0
wat time do u wan NUMBER meet me later,0
i thank you so much for all you do with selflessness i love you plenty,0
am in film ill call you later,0
how dare you change my ring,0
you are a very very very very bad girl or lady,0
i love ya too but try and budget your money better babe gary would freak on me if he knew,0
what part of don t initiate don t you understand,0
i finished my lunch already u wake up already,0
you still at the game,0
you have got tallent but you are wasting,0
what is your record for one night,0
also sir i sent you an email about how to log into the usc payment portal i ll send you another message that should explain how things are back home have a great weekend,0
gonna let me know cos comes bak from holiday that day is coming don t NUMBER get NUMBER text me number,0
jokin only lar depends on which phone my father can get lor,0
aight lemme know what s up,0
get ready for lt gt inches of pleasure,0
raji pls do me a favour pls convey my birthday wishes to nimya pls today is her birthday,0
ok i feel like john lennon,0
cos darren say considering mah so i ask,0
you are not bothering me but you have to trust my answers pls,0
wishing you and your family merry x mas and happy new year in advance,0
one day a crab was running on the sea shore the waves came n cleared the footprints of the crab crab asked being my frnd y r u clearing my beautiful footprints waves replied a fox was following ur footprints to catch you thats y i cleared it off frndsship never lets u dwn gud nyt,0
aight what time you want me to come up,0
slaaaaave where are you must i summon you to me all the time now don t you wish to come to me on your own anymore,0
your bill at NUMBER is NUMBER NUMBER so thats not bad,0
let me know how it changes in the next NUMBER hrs it can even be appendix but you are out of that age range however its not impossible so just chill and let me know in NUMBER hrs,0
hello yeah i ve just got out of the bath and need to do my hair so i ll come up when i m done yeah,0
so how s the weather over there,0
ok not much to do here though h m friday cant wait dunno wot the hell im gonna do for another NUMBER weeks become a slob oh wait already done that,0
die now i have e toot fringe again,0
lol they don t know about my awesome phone i could click delete right now if i want,0
ok,0
awesome question with a cute answer someone asked a boy how is ur life he smiled amp answered she is fine gudnite,0
please leave this topic sorry for telling that,0
pls send me the correct name da,0
what happened to our yo date,0
eastenders tv quiz what flower does dot compare herself to d violet e tulip f lily txt d e or f to NUMBER now NUMBER chance NUMBER win NUMBER cash wkent NUMBER p NUMBER,1
webpage s not available,0
just woke up yeesh its late but i didn t fall asleep til lt gt am,0
you are now unsubscribed all services get tons of sexy babes or hunks straight to your phone go to URL no subscriptions,1
dear all as we know lt gt th is the lt gt th birthday of our loving gopalettan we are planning to give a small gift on that day those who like to participate in that you are welcome please contact our admin team for more details,0
k k from tomorrow onwards started ah,0
what u talking bout early morning it s almost noon where your at,0
fine do you remember me,0
hi babe its jordan how r u im home from abroad and lonely text me back if u wanna chat xxsp visionsms com text stop to stopcost NUMBER p NUMBER,1
ok how many should i buy,0
sounds good keep me posted,0
get a brand new mobile phone by being an agent of the mob plus loads more goodies for more info just text mat to NUMBER,1
ok so april cant wait,0
boy you best get yo ass out here quick,0
ay wana meet on sat wkg on sat,0
i m now but have to wait till NUMBER for the bus to pick me,0
apart from the one i told you about yesterday,0
ok lor but buy wat,0
somebody should go to andros and steal ice,0
don know i did t msg him recently,0
take us out shopping and mark will distract isaiah d,0
mum hope you are having a great day hoping this text meets you well and full of life have a great day abiola,0
there is no sense in my foot and penis,0
okay but i thought you were the expert,0
deep sigh i miss you i am really surprised you haven t gone to the net cafe yet to get to me don t you miss me,0
s s i thinl role is like sachin just standing others have to hit,0
have a great trip to india and bring the light to everyone not just with the project but with everyone that is lucky to see you smile bye abiola,0
and very importantly all we discuss is between u and i only,0
k k how about your training process,0
ok lor i ned NUMBER go toa payoh NUMBER a while NUMBER return smth u wan NUMBER send me there or wat,0
in da car park,0
i wish that i was with you holding you tightly making you see how important you are how much you mean to me how much i need you in my life,0
so i asked how s anthony dad and your bf,0
wnevr i wana fal in luv vth my books my bed fals in luv vth me yen madodu nav pretsorginta nammanna pretsovru important alwa gud eveb,0
what today sunday sunday is holiday so no work,0
am going to take bath ill place the key in window,0
lord of the rings return of the king in store now reply lotr by NUMBER june NUMBER chance NUMBER win lotr soundtrack cds stdtxtrate reply stop to end txts,1
dear take care i am just reaching home love u a lot,0
staff science nus edu sg phyhcmk teaching pc NUMBER,0
have you emigrated or something ok maybe NUMBER NUMBER was a bit hopeful,0
olol i printed out a forum post by a guy with the exact same prob which was fixed with a gpu replacement hopefully they dont ignore that,0
we walked from my moms right on stagwood pass right on winterstone left on victors hill address is lt gt,0
yo you at jp and hungry like a mofo,0
this is all just creepy and crazy to me,0
ok i din get ur msg,0
tessy pls do me a favor pls convey my birthday wishes to nimya pls dnt forget it today is her birthday shijas,0
pathaya enketa maraikara pa,0
even if he my friend he is a priest call him now,0
u so lousy run already come back then half dead hee,0
that s y i said it s bad dat all e gals know u wat u doing now,0
or remind me in a few hrs,0
i had been hoping i would not have to send you this message my rent is due and i dont have enough for it my reserves are completely gone its a loan i need and was hoping you could her the balance is lt gt is there a way i could get that from you till mid march when i hope to pay back,0
hi happy new year i dont mean to intrude but can you pls let me know how much tuition you paid last semester and how much this semester is thanks,0
hello hun how ru its here by the way im good been on NUMBER dates with that guy i met in walkabout so far we have to meet up soon hows everyone else,0
lol i was gonna last month i cashed some in but i left lt gt just in case i was collecting more during the week cause they announced it on the blog,0
good luck draw takes place NUMBER th feb NUMBER good luck for removal send stop to NUMBER customer services NUMBER,1
short but cute be a good person but dont try to prove gud mrng,0
just haven t decided where yet eh,0
wat time liao where still got,0
yes watching footie but worried we re going to blow it phil neville,0
i wait NUMBER inside da car park,0
uncle abbey happy new year abiola,0
now am free call me pa,0
r u saying i should re order the slippers cos i had to pay for returning it,0
stop knowing me so well,0
good evening this is roger how are you,0
small problem in auction punj now asking tiwary,0
free entry in NUMBER a weekly comp for a chance to win an ipod txt pod to NUMBER to get entry std txt rate t c s apply NUMBER for details NUMBER,1
he telling not to tell any one if so treat for me hi hi hi,0
my uncles in atlanta wish you guys a great semester,0
NUMBER st wk free gr NUMBER tones str NUMBER NUMBER u each wk txt nokia on to NUMBER for classic nokia tones or hit on to NUMBER for polys nokia NUMBER p poly NUMBER p NUMBER,1
u coming NUMBER pick me,0
thats cool i liked your photos you are very sexy,0
would u fuckin believe it they didnt know i had thurs pre booked off so they re cancelled me again that needs to b sacked,0
haha better late than ever any way i could swing by,0
ok but i finish at NUMBER,0
lookatme thanks for your purchase of a video clip from lookatme you ve been charged NUMBER p think you can do better why not send a video in a mmsto NUMBER,1
i ve been barred from all b and q stores for life this twat in orange dungerees came up to me and asked if i wanted decking so i got the first punch in,0
so no messages had food,0
ok going to sleep hope i can meet her,0
wat makes some people dearer is not just de happiness dat u feel when u meet them but de pain u feel when u miss dem,0
can you let me know details of fri when u find out cos i m not in tom or fri mentionned chinese thanks,0
you re right i have now that i think about it,0
wat r u doing now,0
is ur lecture over,0
sexy sexy cum and text me im wet and warm and ready for some porn u up for some fun this msg is free recd msgs NUMBER p inc vat NUMBER cancel text stop,1
customer place i will call you,0
not planned yet going to join company on jan NUMBER only don know what will happen after that,0
boy i love u grl hogolo boy gold chain kodstini grl agalla boy necklace madstini grl agalla boy hogli NUMBER mutai eerulli kodthini grl i love u kano,0
haha i heard that text me when you re around,0
i ll get there tomorrow and send it to you,0
shit babe thasa bit messed up yeh she shudvetold u did urgran know neway illspeak NUMBER u NUMBER moro wen im not asleep,0
oh thats late well have a good night and i will give u a call tomorrow iam now going to go to sleep night night,0
cheers u tex mecause u werebored yeah okden hunny r uin wk sat sound s likeyour havin gr NUMBER fun j keep updat countinlots of loveme xxxxx,0
sorry in meeting i ll call you later,0
yo howz u girls never rang after india l,0
yeah but which is worse for i,0
hard live NUMBER chat just NUMBER p min choose your girl and connect live call NUMBER now cheap chat uk s biggest live service vu bcm NUMBER wc NUMBER n NUMBER xx,1
i tagged my friends that you seemed to count as your friends,0
not heard from u NUMBER a while call NUMBER rude chat private line NUMBER to cum wan NUMBER c pics of me gettin shagged then text pix to NUMBER NUMBER end send stop NUMBER sam xxx,1
ok,0
long time you remember me today,0
havent shopping now lor i juz arrive only,0
thank u it better work out cause i will feel used otherwise,0
are you up for the challenge i know i am,0
how much did ur hdd casing cost,0
mystery solved just opened my email and he s sent me another batch isn t he a sweetie,0
i can t describe how lucky you are that i m actually awake by noon,0
this is the NUMBER nd time we have tried to contact u u have won the NUMBER prize to claim just call NUMBER b NUMBER NUMBER t cs stop sms NUMBER NUMBER ppm,1
today is sorry day if ever i was angry with you if ever i misbehaved or hurt you plz plz just slap urself bcoz its ur fault i m basically good,0
cheers for the card is it that time of year already,0
hot live fantasies call now NUMBER just NUMBER p per min ntt ltd po box NUMBER croydon cr NUMBER NUMBER wb NUMBER k,1
when people see my msgs they think iam addicted to msging they are wrong bcoz they don t know that iam addicted to my sweet friends bslvyl,0
ugh hopefully the asus ppl dont randomly do a reformat,0
haven t seen my facebook huh lol,0
mah b i ll pick it up tomorrow,0
still otside le u come NUMBER morrow maga,0
do u still have plumbers tape and a wrench we could borrow,0
dear voucher holder to claim this weeks offer at you pc please go to URL ts cs apply,1
it vl bcum more difficult,0
ur going NUMBER bahamas callfreefone NUMBER and speak to a live operator to claim either bahamas cruise of NUMBER cash NUMBER only to opt out txt x to NUMBER,1
havent still waitin as usual come back sch oredi,0
in meeting da i will call you,0
k k then watch some films,0
does cinema plus drink appeal tomo is a fr thriller by director i like on at mac at NUMBER NUMBER,0
there the size of elephant tablets u shove um up ur ass,0
so many people seems to be special at first sight but only very few will remain special to you till your last sight maintain them till life ends take cr da,0
my parents my kidz my friends n my colleagues all screaming surprise and i was waiting on the sofa naked,0
dunno i juz askin cos i got a card got NUMBER off NUMBER a salon called hair sense so i tot it s da one cut ur hair,0
good morning pookie pie lol hope i didn t wake u up,0
maybe if you woke up before fucking NUMBER this wouldn t be a problem,0
happy birthday to you dear with lots of love rakhesh nri,0
howz that persons story,0
this is the NUMBER nd time we have tried NUMBER contact u u have won the NUMBER pound prize NUMBER claim is easy call NUMBER now only NUMBER p per min bt national rate,1
x NUMBER lt gt are you going to get that,0
hi neva worry bout da truth coz the truth will lead me NUMBER ur heart it s the least a unique person like u deserve sleep tight or morning,0
ur awarded a city break and could win a NUMBER summer shopping spree every wk txt store to NUMBER skilgme tscs NUMBER winawk age NUMBER NUMBER NUMBER perwksub,1
is ur paper today in e morn or aft,0
i will lick up every drop are you ready to use your mouth as well,0
and you will expect you whenever you text hope all goes well tomo,0
great p diddy is my neighbor and comes for toothpaste every morning,0
i av a new number wil u only use this one ta,0
so its to be poking man everyday that they teach you in canada abi how are you just saying hi,0
NUMBER lor change NUMBER suntec wat time u coming,0
no de am seeing in online shop so that i asked,0
just curious because my cuz asked what i was up to,0
nice nice how is it working,0
okay lor wah like that def they wont let us go haha what did they say in the terms and conditions,0
haha yup hopefully we will lose a few kg by mon after hip hop can go orchard and weigh again,0
she s good how are you where r u working now,0
oh yes i ve just been a little under the weather so i ve kind of been coccooning at home,0
at home also,0
this phone has the weirdest auto correct,0
oops my phone died and i didn t even know yeah i like it better,0
havent mus ask if u can NUMBER st wat of meet NUMBER lunch den u n him meet can already lor or u wan NUMBER go ask da ge NUMBER st then confirm w me asap,0
she said do u mind if i go into the bedroom for a minute ok i sed in a sexy mood she came out NUMBER minuts latr wid a cake n my wife,0
oh yeah and hav a great time in newquay send me a postcard NUMBER look after all the girls while im gone u know the NUMBER im talkin bout xx,0
we got a divorce lol she s here,0
what s ur pin,0
babe have you got enough money to pick up bread and milk and i ll give you it back when you get home,0
i want snow it s just freezing and windy,0
urgent we are trying to contact u todays draw shows that you have won a NUMBER prize guaranteed call NUMBER from land line claim y NUMBER valid NUMBER hrs only,1
come to mahal bus stop lt decimal gt,0
don know this week i m going to tirunelvai da,0
me too baby i promise to treat you well i bet you will take good care of me,0
its like that hotel dusk game i think you solve puzzles in a area thing,0
thanks for your ringtone order reference number x NUMBER your mobile will be charged NUMBER NUMBER should your tone not arrive please call customer services NUMBER,1
hi my love how goes that day fuck this morning i woke and dropped my cell on the way down the stairs but it seems alright phews i miss you,0
well that must be a pain to catch,0
sorry da thangam it s my mistake,0
i need coz i never go before,0
rose for red red for blood blood for heart heart for u but u for me send tis to all ur friends including me if u like me if u get back NUMBER u r poor in relation NUMBER u need some NUMBER to support NUMBER u r frnd NUMBER many NUMBER some NUMBER luvs u NUMBER some NUMBER is praying god to marry u try it,0
wife how she knew the time of murder exactly,0
six chances to win cash from NUMBER to NUMBER NUMBER pounds txt csh NUMBER and send to NUMBER cost NUMBER p day NUMBER days NUMBER tsandcs apply reply hl NUMBER info,1
ur cash balance is currently NUMBER pounds to maximize ur cash in now send collect to NUMBER only NUMBER p msg cc NUMBER po box NUMBER NUMBER tcr w NUMBER,1
i feel like a dick because i keep sleeping through your texts and facebook messages sup you in town,0
no plm i will come da on the way,0
guess he wants alone time we could just show up and watch when they do,0
height of recycling read twice people spend time for earning money and the same money is spent for spending time good morning keep smiling,0
yup not comin,0
yes princess toledo,0
aight text me when you re back at mu and i ll swing by need somebody to get the door for me,0
ron say fri leh n he said ding tai feng cant make reservations but he said wait lor,0
good no swimsuit allowed,0
am okay will soon be over all the best,0
a cute thought for friendship its not necessary to share every secret with ur close frnd but watever u shared should be true,0
ok i ve sent u da latest version of da project,0
good morning my dear have a great amp successful day,0
pls accept me for one day or am begging you change the number,0
squeeeeeze this is christmas hug if u lik my frndshp den hug me back if u get NUMBER u r cute NUMBER u r luvd NUMBER u r so lucky none people hate u,0
its ok if anybody asks abt me u tel them p,0
funny fact nobody teaches volcanoes NUMBER erupt tsunamis NUMBER arise hurricanes NUMBER sway aroundn no NUMBER teaches hw NUMBER choose a wife natural disasters just happens,0
you gonna ring this weekend or wot,0
also track down any lighters you can find,0
sorry i can t help you on this,0
babe i need your advice,0
i ll leave around four ok,0
come to medical college at NUMBER pm forward it da,0
k k its good when are you going,0
i can make lasagna for you vodka,0
hi its kate can u give me a ring asap xxx,0
who were those people were you in a tour i thought you were doing that sofa thing you sent me your curious sugar,0
no but you told me you were going before you got drunk,0
he fucking chickened out he messaged me he would be late and woould buzz me and then i didn t hear a word from him,0
congratulations thanks to a good friend u have won the NUMBER NUMBER xmas prize NUMBER claim is easy just call NUMBER now only NUMBER p per minute bt national rate,1
i m always looking for an excuse to be in the city,0
yup i m still having coffee wif my frens my fren drove she ll give me a lift,0
o shore are you takin the bus,0
so u gonna get deus ex,0
i will send them to your email do you mind lt gt times per night,0
NUMBER NUMBER do you want a new nokia NUMBER i colour phone deliveredtomorrow with NUMBER free minutes to any mobile NUMBER free texts free camcorder reply or call NUMBER,1
tap spile at seven is that pub on gas st off broad st by canal ok,0
ok then i come n pick u at engin,0
which is why i never wanted to tell you any of this which is why i m so short with you and on edge as of late,0
raviyog peripherals bhayandar east,0
k actually can you guys meet me at the sunoco on howard it should be right on the way,0
you have NUMBER new voicemail please call NUMBER,1
moon has come to color your dreams stars to make them musical and my sms to give you warm and peaceful sleep good night,0
just finished eating got u a plate not leftovers this time,0
thanx a lot,0
hurry home u big butt hang up on your last caller if u have to food is done and i m starving don t ask what i cooked,0
lol your right what diet everyday i cheat anyway i m meant to be a fatty,0
its a great day do have yourself a beautiful one,0
what happened in interview,0
solve d case a man was found murdered on lt decimal gt lt gt afternoon NUMBER his wife called police NUMBER police questioned everyone NUMBER wife sir i was sleeping when the murder took place NUMBER cook i was cooking NUMBER gardener i was picking vegetables NUMBER house maid i went NUMBER d post office NUMBER children we went NUMBER play NUMBER neighbour we went NUMBER a marriage police arrested d murderer immediately who s it reply with reason if u r brilliant,0
badrith is only for chennai i will surely pick for us no competition for him,0
i tot it s my group mate lucky i havent reply wat time do need to leave,0
hey you around i ve got enough for a half the ten i owe you,0
hey tmr maybe can meet you at yck,0
alrite sam its nic just checkin that this is ur number so is it t b,0
they are just making it easy to pay back i have lt gt yrs to say but i can pay back earlier you get,0
not to worry i m sure you ll get it,0
the gas station is like a block away from my house you ll drive right by it since armenia ends at swann and you have to take howard,0
someone u know has asked our dating service NUMBER contact you cant guess who call NUMBER now all will be revealed pobox NUMBER ls NUMBER hb NUMBER p,1
camera you are awarded a sipix digital camera call NUMBER fromm landline delivery within NUMBER days,1
my tuition is at NUMBER hm we go for the NUMBER to NUMBER one do you mind,0
i m not smoking while people use wylie smokes too much to justify ruining my shit,0
dear good morning how you feeling dear,0
a little meds say take once every NUMBER hours it s only been NUMBER but pain is back so i took another hope i don t die,0
beautiful tomorrow never comes when it comes it s already today in the hunt of beautiful tomorrow don t waste your wonderful today goodmorning,0
dunno lei all decide lor how abt leona oops i tot ben is going n i msg him,0
hi there we have now moved in NUMBER our pub would be great NUMBER c u if u cud come up,0
todays voda numbers ending NUMBER are selected to receive a NUMBER award if you hava a match please call NUMBER quoting claim code NUMBER standard rates app,1
this message is free welcome to the new improved sex dogging club to unsubscribe from this service reply stop msgs NUMBER p NUMBER only,1
honeybee said i m d sweetest in d world god laughed amp said wait u havnt met d person reading this msg moral even god can crack jokes gm gn ge gn,0
just do what ever is easier for you,0
rct thnq adrian for u text rgds vatian,1
stop calling everyone saying i might have cancer my throat hurts to talk i can t be answering everyones calls if i get one more call i m not babysitting on monday,0
it ll be tough but i ll do what i have to,0
im gonnamissu so much i would say il send u a postcard buttheres aboutas much chance of merememberin asthere is ofsi not breakin his contract luv yaxx,0
ee msg na poortiyagi odalebeku hanumanji NUMBER name NUMBER hanuman NUMBER bajarangabali NUMBER maruti NUMBER pavanaputra NUMBER sankatmochan NUMBER ramaduth NUMBER mahaveer ee NUMBER name lt gt janarige ivatte kalisidare next saturday olage ondu good news keluviri maretare inde NUMBER dodda problum nalli siguviri idu matra lt gt true don t neglet,0
hi darlin i finish at NUMBER do u NUMBER NUMBER pick me up or meet me text back on this number luv kate xxx,0
set a place for me in your heart and not in your mind as the mind easily forgets but the heart will always remember wish you happy valentines day,0
but i m surprised she still can guess right lor,0
okie wan meet at bishan cos me at bishan now i m not driving today,0
oh ho is this the first time u use these type of words,0
hi darlin how was work did u get into trouble ijust talked to your mum all morning i had a really good time last night im goin out soon but call me if u can,0
i know you are serving i mean what are you doing now,0
huh hyde park not in mel ah opps got confused anyway if tt s e best choice den we juz have to take it,0
oh gei that happend to me in tron maybe ill dl it in NUMBER d when its out,0
free message activate your NUMBER free text messages by replying to this message with the word free for terms conditions visit URL,1
i know girls always safe and selfish know i got it pa thank you good night,0
no worries hope photo shoot went well have a spiffing fun at workage,0
i m freezing and craving ice fml,0
kay since we are out already,0
eh sorry leh i din c ur msg not sad already lar me watching tv now u still in office,0
yo im right by yo work,0
ok darlin i supose it was ok i just worry too much i have to do some film stuff my mate and then have to babysit again but you can call me there xx,0
she said do u mind if i go into the bedroom for a minute ok i sed in a sexy mood she came out NUMBER minuts latr wid a cake n my wife,0
i don wake since i checked that stuff and saw that its true no available spaces pls call the embassy or send a mail to them,0
nope juz off from work,0
huh so fast dat means u havent finished painting,0
what number do u live at is it NUMBER,0
no we put party NUMBER days a week and study lightly i think we need to draw in some custom checkboxes so they know we re hardcore,0
sac will score big hundred he is set batsman,0
send me yetty s number pls,0
how much it will cost approx per month,0
ok the theory test when are going to book i think it s on NUMBER may coz thought wanna go out with jiayin but she isnt free,0
you are being contacted by our dating service by someone you know to find out who it is call from a land line NUMBER pobox NUMBER w NUMBER tg NUMBER p,1
that s fine have him give me a call if he knows what he wants or has any questions,0
sorry got a late start we re on the way,0
then u go back urself lor,0
i am at the gas station go there,0
k if u bored up just come to my home,0
babe i love you covers your face in kisses,0
like i made him throw up when we were smoking in our friend s car one time it was awesome,0
still i have not checked it da,0
you will go to walmart i ll stay,0
i haven t forgotten you i might have a couple bucks to send you tomorrow k i love ya too,0
oh great i ll disturb him more so that we can talk,0
reverse is cheating that is not mathematics,0
u re welcome caught u using broken english again,0
no problem baby is this is a good time to talk i called and left a message,0
sorry i ll call later,0
oh is it which brand,0
sorry i cant take your call right now it so happens that there r NUMBER waxsto do wat you want she can come and ill get her medical insurance and she ll be able to deliver and have basic care i m currently shopping for the right medical insurance for her so just give me til friday morning thats when i ll see the major person that can guide me to the right insurance,0
at what time are you coming,0
call him and say you not coming today ok and tell them not to fool me like this ok,0
i emailed yifeng my part oredi can get it fr him,0
r u sure they ll understand that wine good idea just had a slurp,0
minimum walk is NUMBER miles a day,0
ok not a problem will get them a taxi c ing tomorrow and tuesday on tuesday think we r all going to the cinema,0
brainless baby doll d vehicle sariyag drive madoke barolla,0
i don t run away frm u i walk slowly amp it kills me that u don t care enough to stop me,0
sorry i missed your call let s talk when you have the time i m on NUMBER,1
please attend the phone,0
you only hate me you can call any but you didnt accept even a single call of mine or even you messaged,0
no messages on her phone i m holding it now,0
can i m free,0
yo my trip got postponed you still stocked up,0
sorry i ll call later,0
i am waiting for your call sir,0
hey what are you doing y no reply pa,0
hey elaine is today s meeting still on,0
sorry i ve not gone to that place i ll do so tomorrow really sorry,0
most of the tiime when i don t let you hug me it s so i don t break into tears,0
tomorrow i am not going to theatre so i can come wherever u call me tell me where and when to come tomorrow,0
and now electricity just went out fml,0
looks like you found something to do other than smoke great job,0
also andros ice etc etc,0
,0
good afternon my love how are today i hope your good and maybe have some interviews i wake and miss you babe a passionate kiss from across the sea,0
yup wun believe wat u really neva c e msg i sent shuhui,0
hows that watch resizing,0
dear umma she called me now,0
just finished missing you plenty,0
complimentary NUMBER star ibiza holiday or NUMBER NUMBER cash needs your urgent collection NUMBER now from landline not to lose out box NUMBER sk NUMBER wp NUMBER ppm NUMBER,1
well i meant as opposed to my drunken night of before,0
k must book a not huh so going for yoga basic on sunday,0
free msg we billed your mobile number by mistake from shortcode NUMBER please call NUMBER to have charges refunded this call will be free from a bt landline,1
ok can,0
oops am at my mum s in somerset bit far back tomo see you soon x,0
so u workin overtime nigpun,0
same as kallis dismissial in NUMBER nd test,0
o guess they both got screwd,0
please call NUMBER immediately as there is an urgent message waiting for you,1
i m in a meeting call me later at,0
what r u cooking me for dinner,0
ok thanx,0
bull your plan was to go floating off to ikea with me without a care in the world so i have to live with your mess another day,0
then i buy,0
urgent your mobile number has been awarded with a NUMBER bonus caller prize call NUMBER from land line valid NUMBER hrs only,1
heehee that was so funny tho,0
it only does simple arithmetic not percentages,0
yeah we wouldn t leave for an hour at least how s NUMBER sound,0
as a valued customer i am pleased to advise you that following recent review of your mob no you are awarded with a NUMBER bonus prize call NUMBER,1
thanks honey have a great day,0
an amazing quote sometimes in life its difficult to decide whats wrong a lie that brings a smile or the truth that brings a tear,0
good night my dear sleepwell amp take care,0
then ask dad to pick up lar wan NUMBER stay until NUMBER meh,0
jus chillaxin what up,0
hey das cool iknow all NUMBER wellda peril of studentfinancial crisis spk NUMBER u l NUMBER r,0
beautiful truth against gravity read carefully our heart feels light when someone is in it but it feels very heavy when someone leaves it goodmorning,0
do you want a new nokia NUMBER i colour phone deliveredtomorrow with NUMBER free minutes to any mobile NUMBER free texts free camcorder reply or call NUMBER,1
whats that coming over the hill is it a monster hope you have a great day things r going fine here busy though,0
joy s father is john then john is the of joy s father if u ans ths you hav lt gt iq tis s ias question try to answer,0
only once then after ill obey all yours,0
no she didnt i will search online and let you know,0
where do you need to go to get it,0
no pic please re send,0
he remains a bro amongst bros,0
uhhhhrmm isnt having tb test bad when youre sick,0
but i haf enuff space got like NUMBER mb,0
life has never been this much fun and great until you came in you made it truly special for me i won t forget you enjoy one gbp sms,1
do you want a new video phone NUMBER anytime any network mins NUMBER inclusive video calls and downloads NUMBER per week free deltomorrow call NUMBER or reply now,1
as a valued customer i am pleased to advise you that following recent review of your mob no you are awarded with a NUMBER bonus prize call NUMBER,1
welcome please reply with your age and gender to begin e g NUMBER m,1
freemsg NUMBER month unlimited free calls activate smartcall txt call to no NUMBER subscriptn NUMBER gbp wk unlimited calls help NUMBER stop txt stop landlineonly,1
had your mobile NUMBER mths update to latest orange camera video phones for free save s with free texts weekend calls text yes for a callback orno to opt out,1
am new NUMBER club dont fink we met yet will b gr NUMBER NUMBER c u please leave msg NUMBER day wiv ur area NUMBER reply promised carlie x calls NUMBER minmobsmore lkpobox NUMBER hp NUMBER fl,1
true its easier with her here,0
sure but since my parents will be working on tuesday i don t really need a cover story,0
haha okay today weekend leh,0
hi darlin did youphone me im athome if youwanna chat,0
i don t know jack shit about anything or i d say ask something helpful but if you want you can pretend that i did and just text me whatever in response to the hypotheticalhuagauahahuagahyuhagga,0
you ve always been the brainy one,0
yeah if we do have to get a random dude we need to change our info sheets to party lt gt NUMBER never study just to be safe,0
camera you are awarded a sipix digital camera call NUMBER fromm landline delivery within NUMBER days,1
christmas is an occasion that is celebrated as a reflection of ur values desires affections amp traditions have an ideal christmas,0
sending you greetings of joy and happiness do have a gr NUMBER evening,0
hi darlin i cantdo anythingtomorrow as myparents aretaking me outfor a meal when are u free katexxx,0
if india win or level series means this is record,0
then what about further plan,0
its good to hear from you,0
awesome how do i deal with the gate charles told me last night but uh yeah,0
what time you thinkin of goin,0
get a free mobile video player free movie to collect text go to NUMBER its free extra films can be ordered t s and c s apply NUMBER yrs only,1
save money on wedding lingerie at URL choose from a superb selection with national delivery brought to you by weddingfriend,1
your board is working fine the issue of overheating is also reslove but still software inst is pending i will come around NUMBER o clock,0
yes but i don t care cause i know its there,0
wiskey brandy rum gin beer vodka scotch shampain wine kudi yarasu dhina vaazhthukkal,0
mon okie lor haha best is cheap n gd food la ex oso okie depends on whether wana eat western or chinese food den which u prefer,0
sitting ard nothing to do lor u leh busy w work,0
its lt gt k here oh should i send home for sale,0
sorry mail,0
ya just telling abt tht incident,0
yes we were outside for like NUMBER hours and i called my whole family to wake them up cause it started at NUMBER am,0
ugh just got outta class,0
nowadays people are notixiquating the laxinorficated opportunity for bambling of entropication have you ever oblisingately opted ur books for the masteriastering amplikater of fidalfication it is very champlaxigating i think it is atrocious wotz ur opinion junna,0
i dont have any of your file in my bag i was in work when you called me i ll tell you if i find anything in my room,0
no need lar jus testing e phone card dunno network not gd i thk me waiting NUMBER my sis NUMBER finish bathing so i can bathe dun disturb u liao u cleaning ur room,0
ok i ll do you right later,0
friendship poem dear o dear u r not near but i can hear dont get fear live with cheer no more tear u r always my dear gud ni NUMBER,0
have your lunch and come quickly and open the door,0
not heard from u NUMBER a while call me now am here all night with just my knickers on make me beg for it like u did last time NUMBER xx luv nikiyu NUMBER net,1
i am back bit long cos of accident on a NUMBER had to divert via wadebridge i had a brilliant weekend thanks speak soon lots of love,0
k i yan jiu liao sat we can go NUMBER bugis vill one frm NUMBER to NUMBER den hop to parco NUMBER nb sun can go cine frm NUMBER to NUMBER den hop to orc mrt NUMBER hip hop at NUMBER,0
bloomberg message center NUMBER why wait apply for your future URL bloomberg com,1
i am seeking a lady in the street and a freak in the sheets is that you,0
my phone,0
haha figures well i found the piece and priscilla s bowl,0
actually fuck that just do whatever do find an excuse to be in tampa at some point before january though,0
urgent we are trying to contact u todays draw shows that you have won a NUMBER prize guaranteed call NUMBER from land line claim m NUMBER valid NUMBER hrs only,1
yay finally lol i missed our cinema trip last week,0
all day working day except saturday and sunday,0
aathi where are you dear,0
heart is empty without love mind is empty without wisdom eyes r empty without dreams amp life is empty without frnds so alwys be in touch good night amp sweet dreams,0
i think i m waiting for the same bus inform me when you get there if you ever get there,0
you getting back any time soon,0
how s things just a quick question,0
night has ended for another day morning has come in a special way may you smile like the sunny rays and leaves your worries at the blue blue bay gud mrng,0
i can probably come by everybody s done around lt gt right,0
i got it before the new year cos yetunde said she wanted to surprise you with it but when i didnt see money i returned it mid january before the lt gt day return period ended,0
i can ask around but there s not a lot in terms of mids up here,0
be sure to check your yahoo email we sent photos yesterday,0
what was she looking for,0
wherre s my boytoy,0
do you want a new video phone NUMBER anytime any network mins NUMBER text for only five pounds per week call NUMBER now or reply for delivery tomorrow,1
hello my love how goes that day i wish your well and fine babe and hope that you find some job prospects i miss you boytoy a teasing kiss,0
tell my bad character which u dnt lik in me i ll try to change in lt gt i ll add tat NUMBER my new year resolution waiting for ur reply be frank good morning,0
no i got rumour that you going to buy apartment in chennai,0
yeah probably earlier than that,0
change windows logoff sound,0
still i have not checked it da,0
i m also came to room,0
huh but i got lesson at NUMBER lei n i was thinkin of going to sch earlier n i tot of parkin at kent vale,0
ok,0
i will reach office around lt decimal gt amp my mobile have problem you cann t get my voice so call you asa i ll free,0
cool text me when you head out,0
you are being contacted by our dating service by someone you know to find out who it is call from a land line NUMBER pobox NUMBER w NUMBER tg NUMBER p,1
wan NUMBER win a meet greet with westlife NUMBER u or a m NUMBER they are currently on what tour NUMBER unbreakable NUMBER untamed NUMBER unkempt text NUMBER NUMBER or NUMBER to NUMBER cost NUMBER p std text,1
happy birthday may u find ur prince charming soon n dun work too hard,0
oh the grand is having a bit of a party but it doesn t mention any cover charge so it s probably first come first served,0
you said to me before i went back to bed that you can t sleep for anything,0
i hope you arnt pissed off but id would really like to see you tomorrow love me xxxxxxxxxxxxxx,0
dorothy kiefer com bank of granite issues strong buy explosive pick for our members up over NUMBER nasdaq symbol cdgt that is a NUMBER NUMBER per,1
says the lt gt year old with a man and money i m down to my last lt gt still waiting for that check,0
i will come to ur home now,0
free any day but i finish at NUMBER on mon n thurs,0
will you be here for food,0
life alle mone eppolum oru pole allalo,0
nite,0
two fundamentals of cool life walk like you are the king or walk like you dont care whoever is the king gud nyt,0
camera quite good NUMBER NUMBER mega pixels NUMBER optical and NUMBER digital dooms have a lovely holiday be safe and i hope you hav a good journey happy new year to you both see you in a couple of weeks,0
hi petey noi m ok just wanted NUMBER chat coz avent spoken NUMBER u NUMBER a long time hope ur doin alrite have good nit at js love ya am x,0
i just saw ron burgundy captaining a party boat so yeah,0
i m serious you are in the money base,0
already one guy loving you,0
staff of placement training in amrita college,0
i always chat with you in fact i need money can you raise me,0
i m job profile seems like bpo,0
well i was about to give up cos they all said no they didn t do one nighters i persevered and found one but it is very cheap so i apologise in advance it is just somewhere to sleep isnt it,0
so you think i should actually talk to him not call his boss in the morning i went to this place last year and he told me where i could go and get my car fixed cheaper he kept telling me today how much he hoped i would come back in how he always regretted not getting my number etc,0
are you willing to go for apps class,0
hanging out with my brother and his family,0
no it will reach by NUMBER only she telling she will be there i dont know,0
hey are you going to quit soon xuhui and i working till end of the month,0
im sorry bout last nite it wasn t ur fault it was me spouse it was pmt or sumthin u NUMBER give me i think u shldxxxx,0
try neva mate,0
yeah that d pretty much be the best case scenario,0
i not free today i haf NUMBER pick my parents up tonite,0
hey babe far NUMBER spun out NUMBER spk at da mo dead NUMBER da wrld been sleeping on da sofa all day had a cool nytho tx NUMBER fonin hon call NUMBER mwen im bk frmcloud NUMBER j x,0
should i send you naughty pix,0
you are a NUMBER winner or guaranteed caller prize this is our final attempt to contact you to claim call NUMBER now NUMBER ppmpobox NUMBER bhamb NUMBER xe,1
xmas new years eve tickets are now on sale from the club during the day from NUMBER am till NUMBER pm and on thurs fri sat night this week they re selling fast,1
tyler getting an NUMBER th has to leave not long after NUMBER can you get here in like an hour,0
prepare to be pounded every night,0
actually my mobile is full of msg and i m doing a work online where i need to send them lt gt sent msg i wil explain u later,0
sorry i ll call later,0
good evening how are you,0
i m at home please call,0
oic cos me n my sis got no lunch today my dad went out so dunno whether NUMBER eat in sch or wat,0
mmmmm it was sooooo good to wake to your words this morning my love mmmm fuck i love you too my lion devouring kiss from across the sea,0
we are pleased to inform that your application for airtel broadband is processed successfully your installation will happen within NUMBER days,0
what happen dear why you silent i am tensed,0
i ll get there at NUMBER unless you guys want me to come some time sooner,0
if you are not coughing then its nothing,0
come lt NUMBER n pass to me lar,0
i m e person who s doing e sms survey,0
lol ok ill try to send be warned sprint is dead slow you ll prolly get it tomorrow,0
thank you meet you monday,0
so is th gower mate which is where i am how r u man all is good in wales ill b back morrow c u this wk who was the msg NUMBER random,0
rock yr chik get NUMBER s of filthy films xxx pics on yr phone now rply filth to NUMBER saristar ltd e NUMBER NUMBER yt NUMBER NUMBER p per NUMBER days stop NUMBER cancel,1
single line with a big meaning miss anything NUMBER ur best life but don t miss ur best life for anything gud nyt,0
i got like lt gt i can get some more later though get whatever you feel like,0
dad wanted to talk about the apartment so i got a late start omw now,0
i love you both too,0
lol u still feeling sick,0
din i tell u jus now NUMBER,0
am up to my eyes in philosophy,0
from next month get upto NUMBER more calls NUMBER ur standard network charge NUMBER activate call NUMBER c wire NUMBER net NUMBER st NUMBER terms pobox NUMBER m NUMBER NUMBER uz cost NUMBER NUMBER min mobcudb more,1
ok lor i m in town now lei,0
i had it already sabarish asked me to go,0
no da vijay going to talk in jaya tv,0
urgent we are trying to contact u todays draw shows that you have won a NUMBER prize guaranteed call NUMBER from land line claim j NUMBER po box NUMBER c NUMBER pm,1
lol i know hey someone did a great inpersonation of flea on the forums i love it,0
text banneduk to NUMBER to see cost NUMBER p textoperator g NUMBER ga NUMBER xxx,1
still chance there if you search hard you will get it let have a try,0
auction round NUMBER the highest bid is now NUMBER next maximum bid is NUMBER to bid send bids e g NUMBER to bid NUMBER to NUMBER good luck,1
do you always celebrate ny s with your family,0
we know taj mahal as symbol of love but the other lesser known facts NUMBER mumtaz was shahjahan s NUMBER th wife out of his NUMBER wifes NUMBER shahjahan killed mumtaz s husband to marry her NUMBER mumtaz died in her lt gt th delivery NUMBER he then married mumtaz s sister question arises where the hell is the love the great hari,0
its ok come to my home it vl nice to meet and v can chat,0
collect your valentine s weekend to paris inc flight hotel NUMBER prize guaranteed text paris to no NUMBER URL,1
sent me de webadres for geting salary slip,0
she s fine sends her greetings,0
customer loyalty offer the new nokia NUMBER mobile from only NUMBER at txtauction txt word start to no NUMBER get yours now NUMBER t ctxt tc NUMBER p mtmsg,1
but you dint in touch with me,0
yup leaving right now be back soon,0
you won t believe it but it s true it s incredible txts reply g now to learn truly amazing things that will blow your mind from o NUMBER fwd only NUMBER p txt,1
yeah sure i ll leave in a min,0
and do you have any one that can teach me how to ship cars,0
the sign of maturity is not when we start saying big things but actually it is when we start understanding small things have a nice evening bslvyl,0
yeah confirmed for you staying at that weekend,0
they said dun haf passport or smth like dat or juz send to my email account,0
multiply the numbers independently and count decimal points then for the division push the decimal places like i showed you,0
have a lovely night and when you wake up to see this message i hope you smile knowing all is as should be have a great morning,0
ard NUMBER lor,0
you are right meanwhile how s project twins comin up,0
i sent your maga that money yesterday oh,0
hi NUMBER ibh customer loyalty offer the new nokia NUMBER mobile from only NUMBER at txtauction txt word start to no NUMBER get yours now NUMBER t,1
heart is empty without love mind is empty without wisdom eyes r empty without dreams amp life is empty without frnds so alwys be in touch good night amp sweet dreams,0
i am hot n horny and willing i live local to you text a reply to hear strt back from me NUMBER p per msg netcollex ltdhelpdesk NUMBER reply stop to end,1
our ride equally uneventful not too many of those pesky cyclists around at that time of night,0
if you were are free i can give otherwise nalla adi entey nattil kittum,0
i ve sent my wife your text after we buy them she ll tell you what to do so just relax we should go get them this wkend,0
i am in escape theatre now going to watch kavalan in a few minutes,0
how much would it cost to hire a hitman,0
i anything lor,0
sorry i ll call later,0
do you want a new nokia NUMBER i colour phone delivered tomorrow with NUMBER free minutes to any mobile NUMBER free text free camcorder reply or call NUMBER,1
huh but i cant go NUMBER ur house empty handed right,0
good morning princess happy new year,0
congratulations you ve won you re a winner in our august NUMBER prize draw call NUMBER now prize code NUMBER,1
aight we ll head out in a few,0
then wat r u doing now busy wif work,0
i know you mood off today,0
jay told me already will do,0
cps is causing the outages to conserve energy,0
i m not sure i was just checking out what was happening around the area,0
hey morning what you come to ask pa,0
jordan got voted out last nite,0
that means you got an a in epi she s fine she s here now,0
i have no idea where you are,0
pls come quick cant bare this,0
joy s father is john then john is the of joy s father if u ans ths you hav lt gt iq tis s ias question try to answer,0
call me i m unable to cal lets meet bhaskar and deep,0
no i ll meet you in the library,0
k my roommate also wants a dubsack and another friend may also want some so plan on bringing extra i ll tell you when they know for sure,0
depends on individual lor e hair dresser say pretty but my parents say look gong u kaypoh i also dunno wat she collecting,0
ok c then,0
i enjoy watching and playing football and basketball anything outdoors and you,0
can you please ask macho what his price range is does he want something new or used plus it he only interfued in the blackberry bold lt gt or any bb,0
sorry sent blank msg again yup but trying NUMBER do some serious studying now,0
hey check it da i have listed da,0
NUMBER NUMBER p NUMBER alfie moon s children in need song on ur mob tell ur m NUMBER s txt tone charity to NUMBER for nokias or poly charity for polys zed NUMBER profit NUMBER charity,1
i meant as an apology from me for texting you to get me drugs at lt gt at night,0
that means from february to april i ll be getting a place to stay down there so i don t have to hustle back and forth during audition season as i have since my sister moved away from harlem,0
goin to workout lor muz lose e fats,0
damn poor zac doesn t stand a chance,0
no message no responce what happend,0
i want to tel u one thing u should not mistake me k this is the message that you sent,0
yeah right i ll bring my tape measure fri,0
still chance there if you search hard you will get it let have a try,0
meeting u is my work tel me when shall i do my work tomorrow,0
should i head straight there or what,0
get the official england poly ringtone or colour flag on yer mobile for tonights game text tone or flag to NUMBER optout txt eng stop box NUMBER w NUMBER wx NUMBER NUMBER,1
thank you princess you are so sexy,0
oooh i got plenty of those,0
hui xin is in da lib,0
its a big difference lt gt versus lt gt every lt gt hrs,0
it s not that you make me cry it s just that when all our stuff happens on top of everything else it pushes me over the edge you don t underdtand how often i cry over my sorry sorry life,0
me NUMBER babe i feel the same lets just NUMBER get about it both try cheer up not fit soo muchxxlove u locaxx,0
you know what hook up means right,0
customer service announcement we recently tried to make a delivery to you but were unable to do so please call NUMBER to re schedule ref NUMBER,1
wat s da model num of ur phone,0
he s really into skateboarding now despite the fact that he gets thrown off of it and winds up with bandages and shit all over his arms every five minutes,0
you can stop further club tones by replying stop mix see my tone com enjoy html for terms club tones cost gbp NUMBER NUMBER week mfl po box NUMBER mk NUMBER NUMBER wt NUMBER NUMBER,1
my house here e sky quite dark liao if raining then got excuse not NUMBER run already rite hee,0
sorry left phone upstairs ok might be hectic but would be all my birds with one fell swoop it s a date,0
thought i didn t see you,0
wamma get laid want real doggin locations sent direct to your mobile join the uks largest dogging network txt dogs to NUMBER now nyt ec NUMBER a NUMBER lp NUMBER NUMBER msg,1
carlos says we can pick up from him later so yeah we re set,0
hey babe my friend had to cancel still up for a visit,0
as per your request maangalyam alaipayuthe has been set as your callertune for all callers press NUMBER to copy your friends callertune,0
hmm ill have to think about it ok you re forgiven d,0
we are hoping to get away by NUMBER from langport you still up for town tonight,0
want to send me a virtual hug i need one,0
probably not still going over some stuff here,0
it has issues right now ill fix for her by tomorrow,0
why i come in between you people,0
senthil group company apnt NUMBER pm,0
oh really did you make it on air what s your talent,0
studying but i ll be free next weekend,0
r u here yet i m wearing blue shirt n black pants,0
wait i will come out lt gt min,0
i will reach ur home in lt gt minutes,0
well then you have a great weekend,0
what are you doing in langport sorry but i ll probably be in bed by NUMBER pm it sucks being ill at xmas when do you and go NUMBER sri lanka,0
frnd s not juz a word not merely a relationship its a silent promise which says i will be with you wherevr whenevr forevr gudnyt dear,0
huh NUMBER also cannot then only how many mistakes,0
ha u jus ate honey ar so sweet,0
i m turning off my phone my moms telling everyone i have cancer and my sister won t stop calling it hurts to talk can t put up with it see u when u get home love u,0
honey sweetheart darling sexy buns sugar plum loverboy i miss you boytoy smacks your ass did you go to the gym too,0
thanks for loving me so you rock,0
yeah imma come over cause jay wants to do some drugs,0
ok thanx take care then,0
yup thk of u oso boring wat,0
came to look at the flat seems ok in his NUMBER s is away alot wiv work got woman coming at NUMBER NUMBER too,0
moji just informed me that you saved our lives thanks,0
you have won a nokia NUMBER i this is what you get when you win our free auction to take part send nokia to NUMBER now hg suite NUMBER NUMBER lands row w NUMBER jhl NUMBER,1
whos this am in class,0
hey r still online i ve finished the formatting,0
great so what attracts you to the brothas,0
promotion number NUMBER ur awarded a city break and could win a NUMBER summer shopping spree every wk txt store to NUMBER skilgme tscs NUMBER winawk age NUMBER NUMBER NUMBER perwksub,1
stupid its not possible,0
i cant pick the phone right now pls send a message,0
lol what happens in vegas stays in vegas,0
hello hello hi lou sorry it took so long NUMBER reply i left mobile at friends in lancaster just got it bak neway im sorry i couldn t make ur b day NUMBER hun,0
when did i use soc i use it only at home dunno how NUMBER type it in word ar,0
dad says hurry the hell up,0
wake me up at lt gt am morning,0
i get out of class in bsn in like lt gt minutes you know where advising is,0
great i shoot big loads so get ready,0
i ll meet you in the lobby,0
you still coming tonight,0
what happen dear tell me,0
sir i am waiting for your call once free please call me,0
no i am not having not any movies in my laptop,0
i was about to do it when i texted i finished a long time ago and showered and er ything,0
ok im not sure what time i finish tomorrow but i wanna spend the evening with you cos that would be vewy vewy lubly love me xxx,0
hello as per request from lt gt rs NUMBER has been transfered to you,0
i am in tirupur call you da,0
you are a winner you have been specially selected to receive NUMBER cash or a NUMBER award speak to a live operator to claim call NUMBER am NUMBER pm cost NUMBER p,1
s but he had some luck NUMBER catches put down,0
how i noe did specify da domain as nusstu still in sch,0
oh i asked for fun haha take care,0
shall i get my pouch,0
hey loverboy i love you i had to tell i look at your picture and ache to feel you between my legs fuck i want you i need you i crave you,0
how is my boy no sweet words left for me this morning sighs how goes you day my love did you start your studying,0
kent vale lor wait NUMBER me there ar,0
ok very good its all about making that money,0
reading gud habit nan bari hudgi yorge pataistha ertini kano,0
aight do you still want to get money,0
free top ringtone sub to weekly ringtone get NUMBER st week free send subpoly to NUMBER NUMBER per week stop sms NUMBER,1
ok ok ok then whats ur todays plan,0
are you in town this is v important,0
sorry pa i dont knw who ru pa,0
wat u doing there,0
if i not meeting all rite then i ll go home lor if dun feel like comin it s ok,0
oh i will get paid the most outstanding one is for a commercial i did for hasbro in august they made us jump through so many hoops to get paid still not,0
i am late so call you tomorrow morning take care sweet dreams u and me ummifying bye,0
networking technical support associate,0
i m gonna rip out my uterus,0
cool do you like swimming i have a pool and jacuzzi at my house,0
thanks for your ringtone order reference number x NUMBER your mobile will be charged NUMBER NUMBER should your tone not arrive please call customer services NUMBER from colour red text colour txtstar,1
yeah why not is the gang all ready,0
blank is blank but wat is blank lol,0
i m in a movie collect car oredi,0
we left already we at orchard now,0
hi there NUMBER nights ur lucky night uve been invited NUMBER xchat the uks wildest chat txt chat to NUMBER now NUMBER p msgrcvdhg suite NUMBER NUMBER lands row w NUMBER j NUMBER hl ldn NUMBER yrs,1
nothing spl wat abt u and whr ru,0
no chikku nt yet ya i m free,0
aldrine rakhesh ex rtm here pls call urgent,0
the search NUMBER happiness is NUMBER of d main sources of unhappiness accept life the way it comes u will find happiness in every moment u live,0
i m at home please call,0
i guess you could be as good an excuse as any lol,0
isn t frnd a necesity in life imagine urself witout a frnd hw d u feel at ur colleg wat ll u do wth ur cell wat abt functions thnk abt events espe ll cared missed amp irritated u NUMBER wrd it to all those dear loving frnds wthout whom u cant live i jst did it takecare goodmorning,0
gud mrng dear hav a nice day,0
old orchard near univ how about you,0
NUMBER tacos NUMBER rajas burrito right,0
it s NUMBER to get in is that ok,0
hows the street where the end of library walk is,0
plz note if anyone calling from a mobile co amp asks u to type lt gt or lt gt do not do so disconnect the call coz it iz an attempt of terrorist to make use of the sim card no itz confirmd by nokia n motorola n has been verified by cnn ibn,0
we stopped to get ice cream and will go back after,0
did you stitch his trouser,0
no da vijay going to talk in jaya tv,0
NUMBER NUMBER NUMBER tf NUMBER p,1
hey i m bored so i m thinking of u so wat r u doing,0
nah wednesday when should i bring the mini cheetos bag over,0
nobody names their penis a girls name this story doesn t add up at all,0
aight let me know when you re gonna be around usf,0
i m not she lip synced with shangela,0
neva tell me how i noe i m not at home in da aft wat,0
a bit of ur smile is my hppnss a drop of ur tear is my sorrow a part of ur heart is my life a heart like mine wil care for u forevr as my goodfriend,0
dear voucher holder NUMBER claim your NUMBER st class airport lounge passes when using your holiday voucher call NUMBER when booking quote NUMBER st class x NUMBER,1
buzz hey my love i think of you and hope your day goes well did you sleep in i miss you babe i long for the moment we are together again loving smile,0
haha sounds crazy dunno can tahan anot,0
why are u up so early,0
ya that one is slow as poo,0
bloomberg message center NUMBER why wait apply for your future URL bloomberg com,1
im on gloucesterroad what are uup to later,0
yes here tv is always available in work place,0
yes the only place in town to meet exciting adult singles is now in the uk txt chat to NUMBER now NUMBER p msg,1
lol no ouch but wish i d stayed out a bit longer,0
god asked what is forgiveness a little child gave lovely reply it is d wonderful fruit that a tree gives when it is being hurt by a stone good night,0
we ll join the lt gt bus,0
was just about to ask will keep this one maybe that s why you didn t get all the messages we sent you on glo,0
free for NUMBER st week no NUMBER nokia tone NUMBER ur mob every week just txt nokia to NUMBER get txting and tell ur mates URL pobox NUMBER w NUMBER wq norm NUMBER p tone NUMBER,1
k i will send in lt gt min,0
would me smoking you out help us work through this difficult time,0
someone u know has asked our dating service NUMBER contact you cant guess who call NUMBER now all will be revealed pobox NUMBER s NUMBER xy NUMBER p,1
yes mum lookin strong,0
sir goodmorning once free call me,0
where are you call me,0
was gr NUMBER to see that message so when r u leaving congrats dear what school and wat r ur plans,0
love it the girls at the office may wonder why you are smiling but sore,0
hi wlcome back did wonder if you got eaten by a lion or something nothing much,0
does uncle timi help in clearing cars,0
i came hostel i m going to sleep plz call me up before class hrishi,0
ok but bag again,0
hi you just spoke to maneesha v we d like to know if you were satisfied with the experience reply toll free with yes or no,0
ok lor msg me b NUMBER u call,0
mila age NUMBER blonde new in uk i look sex with uk guys if u like fun with me text mtalk to NUMBER NUMBER NUMBER pp txt NUMBER st NUMBER free NUMBER NUMBER increments help NUMBER,1
once a fishrman woke early in d mrng it was very dark he waited a while amp found a sack ful of stones he strtd throwin thm in NUMBER d sea NUMBER pass time atlast he had jus NUMBER stone sun rose up amp he found out tht those r nt stones those were diamonds moral dont wake up early in d mrng good night,0
claim a NUMBER shopping spree just call NUMBER now have you won mobstorequiz NUMBER ppm,1
then ur physics get a,0
dear friends sorry for the late information today is the birthday of our loving ar praveesh for more details log on to face book and see its his number lt gt dont miss a delicious treat,0
how r going to send it to me,0
can you do online transaction,0
dear got train and seat mine lower seat,0
let me know if you need anything else salad or desert or something how many beers shall i get,0
wat r u doing,0
whore you are unbelievable,0
want to funk up ur fone with a weekly new tone reply tones NUMBER u NUMBER this text URL the original n best tones NUMBER gbp network operator rates apply,1
are you sure you don t mean get here we made you hold all the weed,0
i love you you know can you feel it does it make your belly warm i wish it does my love i shall meet you in your dreams ahmad adoring kiss,0
twinks bears scallies skins and jocks are calling now don t miss the weekend s fun call NUMBER at NUMBER p min NUMBER stop texts call NUMBER nat rate,1
love it i want to flood that pretty pussy with cum,0
hey are you angry with me reply me dr,0
short but cute be a good person but dont try to prove it gud noon,0
also remember the beads don t come off ever,0
they have a thread on the wishlist section of the forums where ppl post nitro requests start from the last page and collect from the bottom up,0
for the first time in the history need comfort and luxury are sold at same price in india onion rs lt gt petrol rs lt gt beer rs lt gt shesil lt gt,0
feb lt gt is i love u day send dis to all ur valued frnds evn me if NUMBER comes back u ll gt married d person u luv if u ignore dis u will lose ur luv NUMBER evr,0
actually nvm got hella cash we still on for lt gt ish,0
we tried to contact you re your reply to our offer of a video handset NUMBER anytime any networks mins unlimited text camcorder reply or call NUMBER now,1
it s ok at least armand s still around,0
no da i am happy that we sit together na,0
yup song bro no creative neva test quality he said check review online,0
no dude its not fake my frnds got money thts y i m reffering u if u member wit my mail link u vl be credited lt gt rs and il be getiing lt gt rs i can draw my acc wen it is lt gt rs,0
dude while were makin those weirdy brownies my sister made awesome cookies i took pics,0
urgent we are trying to contact you last weekends draw shows that you have won a NUMBER prize guaranteed call NUMBER claim code k NUMBER valid NUMBER hours only,1
pls dont restrict her from eating anythin she likes for the next two days,0
mm you ask him to come its enough,0
at the funeral home with audrey and dad,0
aight can you text me the address,0
excellent wish we were together right now,0
yep then is fine NUMBER NUMBER or NUMBER NUMBER for ice age,0
pls i wont belive god not only jesus,0
can dunno wat to get NUMBER her,0
not yet chikku k then wat abt tht guy did he stopped irritating or msging to u,0
how long does it take to get it,0
this is my number by vivek,0
NUMBER xmas iscoming ur awarded either NUMBER cd gift vouchers free entry NUMBER r NUMBER weekly draw txt music to NUMBER tnc,1
sorry brah just finished the last of my exams what up,0
i got arrested for possession at i shit you not lt time gt pm,0
you are right though i can t give you the space you want and need this is really starting to become an issue i was going to suggest setting a definite move out if i m still there after greece but maybe you are ready and should do it now,0
just normal only here,0
please protect yourself from e threats sib never asks for sensitive information like passwords atm sms pin thru email never share your password with anybody,0
i miss you so much i m so desparate i have recorded the message you left for me the other day and listen to it just to hear the sound of your voice i love you,0
hi i m always online on yahoo and would like to chat with you someday,0
goodmorning my grandfather expired so am on leave today,0
congratulations u can claim NUMBER vip row a tickets NUMBER c blu in concert in november or blu gift guaranteed call NUMBER to claim ts cs URL cost NUMBER NUMBER max,1
where are you what are you doing are yuou working on getting the pc to your mom s did you find a spot that it would work i need you,0
sure i ll see if i can come by in a bit,0
i agree so i can stop thinkin about ipad can you please ask macho the same question,0
let s pool our money together and buy a bunch of lotto tickets if we win i get lt gt u get lt gt deal,0
ok,0
i had askd u a question some hours before its answer,0
watching tv lor nice one then i like lor,0
i m thinking that chennai forgot to come for auction,0
then come n pick me at NUMBER ar,0
early bird any purchases yet,0
went to pay rent so i had to go to the bank to authorise the payment,0
erm ill pick you up at about NUMBER NUMBER pm that ll give enough time to get there park and that,0
hey mate hows u honey did u ave good holiday gimmi de goss x,0
howz pain it will come down today do as i said ystrday ice and medicine,0
chile please it s only a lt decimal gt hour drive for me i come down all the time and will be subletting feb april for audition season,0
yes ammae life takes lot of turns you can only sit and try to hold the steering,0
yeah that s what i thought lemme know if anything s goin on later,0
mmmm i cant wait to lick it,0
pls go there today lt gt i dont want any excuses,0
fantasy football is back on your tv go to sky gamestar on sky active and play NUMBER k dream team scoring starts on saturday so register now sky opt out to NUMBER,1
can you plz tell me the ans bslvyl sent via fullonsms com,0
u in town alone,0
i to am looking forward to all the sex cuddling only two more sleeps,0
we have all rounder so not required,0
no its true k do u knw dis no lt gt,0
dont worry NUMBER day very big lambu ji vl come til then enjoy batchlor party,0
oh ya got hip hop open haha i was thinking can go for jazz then zoom to cine actually tonight i m free leh and there s a kb lesson tonight,0
free msg single find a partner in your area NUMBER s of real people are waiting to chat now send chat to NUMBER cncl send stopcs NUMBER NUMBER NUMBER per msg,1
i m ok will do my part tomorrow,0
no but we found a diff farm shop to buy some cheese on way back now can i call in,0
r u still working now,0
win the newest harry potter and the order of the phoenix book NUMBER reply harry answer NUMBER questions chance to be the first among readers,1
yep i do like the pink furniture tho,0
free msg ringtone from URL widelive com index wml id NUMBER b NUMBER a NUMBER ecef NUMBER ff NUMBER NUMBER first true NUMBER NUMBER jul NUMBER,1
customer place i wil cal u sir,0
oh my god i ve found your number again i m so glad text me back xafter this msgs cst std ntwk chg NUMBER NUMBER,1
a pure hearted person can have a wonderful smile that makes even his her enemies to feel guilty for being an enemy so catch the world with your smile goodmorning amp have a smiley sunday,0
that s alrite girl u know gail is neva wrong take care sweet and don t worry c u l NUMBER tr hun love yaxxx,0
theoretically yeah he could be able to come,0
alright we re hooked up where you guys at,0
not that i know of most people up here are still out of town,0
no let me do the math your not good at it,0
oh ok wait NUMBER me there my lect havent finish,0
yeah my usual guy s out of town but there re definitely people around i know,0
i am joining today formally pls keep praying will talk later,0
happy or sad one thing about past is its no more good morning,0
no did you multimedia message them or e mail,0
okie but i scared u say i fat then u dun wan me already,0
did u get that message,0
sorry sir i will call you tomorrow senthil hsbc,0
what you need you have a person to give na,0
she left it very vague she just said she would inform the person in accounting about the delayed rent and that i should discuss with the housing agency about my renting another place but checking online now and all places around usc are lt gt and up,0
hi juan im coming home on fri hey of course i expect a welcome party and lots of presents ill phone u when i get back loads of love nicky x x x x x x x x x,0
can you plz tell me the ans bslvyl sent via fullonsms com,0
short but cute be a good person but dont try to prove it gud noon,0
gumby s has a special where a lt gt cheese pizza is NUMBER so i know what we re doin tonight,0
a link to your picture has been sent you can also use URL,1
like a personal sized or what,0
same i m at my great aunts anniversary party in tarpon springs,0
cab is available they pick up and drop at door steps,0
ok take care umma to you too,0
unlimited texts limited minutes,0
double mins NUMBER txts on orange tariffs latest motorola sonyericsson nokia with bluetooth free call mobileupd NUMBER on NUMBER or call NUMBER optout hf NUMBER,1
no problem we will be spending a lot of quality time together,0
urgent this is our NUMBER nd attempt to contact u your NUMBER prize from yesterday is still awaiting collection to claim call now NUMBER acl NUMBER pm,1
have you heard from this week,0
dear dave this is your final notice to collect your NUMBER tenerife holiday or NUMBER cash award call NUMBER from landline tcs sae box NUMBER cw NUMBER wx NUMBER ppm,1
yes last practice,0
tells u NUMBER call NUMBER to claim NUMBER prize u have NUMBER enter all ur mobile personal details the prompts careful,1
no thank you you ve been wonderful,0
otherwise had part time job na tuition,0
mean it s confirmed i tot they juz say oni ok then,0
okie,0
that depends how would you like to be treated,0
right on brah see you later,0
waiting in e car NUMBER my mum lor u leh reach home already,0
your NUMBER account for NUMBER xxxxxxxxx shows NUMBER unredeemed points to claim call NUMBER identifier code xxxxx expires NUMBER NUMBER NUMBER,1
do you want a new video handset NUMBER anytime any network mins half price line rental camcorder reply or call NUMBER for delivery tomorrow,1
went fast asleep dear take care,0
no that just means you have a fat head,0
sounds like a plan cardiff is still here and still cold i m sitting on the radiator,0
serious what like proper tongued her,0
she s good she was wondering if you wont say hi but she s smiling now so how are you coping with the long distance,0
how i noe she s in da car now later then c lar i m wearing shorts,0
you have an important customer service announcement call freephone NUMBER NUMBER NUMBER now,1
yeah whatever lol,0
today is accept day u accept me as brother sister lover dear NUMBER best NUMBER clos NUMBER lvblefrnd jstfrnd cutefrnd lifpartnr belovd swtheart bstfrnd no rply means enemy,0
ard NUMBER lor i ok then message lor,0
ok c u then,0
eh ur laptop got no stock lei he say mon muz come again to take a look c got a not,0
no need to ke qi too bored izzit y suddenly thk of this,0
i wish i don t think its gonna snow that much but it will be more than those flurries we usually get that melt before they hit the ground eek we haven t had snow since lt gt before i was even born,0
free ringtone reply real or poly eg real NUMBER NUMBER pushbutton NUMBER dontcha NUMBER babygoodbye NUMBER golddigger NUMBER webeburnin NUMBER st tone free and NUMBER more when u join for NUMBER wk,1
do NUMBER thing change that sentence into because i want NUMBER concentrate in my educational career im leaving here,0
oh really perform write a paper go to a movie and be home by midnight huh,0
okay lor will they still let us go a not ah coz they will not know until later we drop our cards into the box right,0
how izzit still raining,0
as if i wasn t having enough trouble sleeping,0
i havent add yet right,0
lol i really need to remember to eat when i m drinking but i do appreciate you keeping me company that night babe smiles,0
babe i lost you will you try rebooting,0
yes nigh you cant aha,0
i thk gotta go home by urself cos i ll b going out shopping NUMBER my frens present,0
nooooooo i m gonna be bored to death all day cable and internet outage,0
sos any amount i can get pls,0
playin space poker u,0
how come guoyang go n tell her then u told her,0
you need to get up now,0
they r giving a second chance to rahul dengra,0
yeah in fact he just asked if we needed anything like an hour ago when and how much,0
when the first strike is a red one the bird antelope begin toplay in the fieldof selfindependence believe this the flower of contention will grow random,0
y wan to go there c doctor,0
does daddy have a bb now,0
free msg get gnarls barkleys crazy ringtone totally free just reply go to this message right now,1
she s borderline but yeah whatever,0
i got a call from a landline number i am asked to come to anna nagar i will go in the afternoon,0
until NUMBER lor ya can go NUMBER dinner together,0
i will be gentle princess we will make sweet gentle love,0
how u doin baby girl hope u are okay every time i call ure phone is off i miss u get in touch,0
sorry went to bed early nightnight,0
i like to think there s always the possibility of being in a pub later,0
hmm yeah if your not too grooved out and im looking forward to my pound special,0
i got to video tape pple type in message lor u so free wan NUMBER help me hee cos i noe u wan NUMBER watch infernal affairs so ask u along asking shuhui oso,0
hi dude hw r u da realy mising u today,0
me hungry buy some food good lei but mum n yun dun wan juz buy a little bit,0
refused a loan secured or unsecured can t get credit call free now NUMBER NUMBER NUMBER or text back help we will,1
i probably won t eat at all today i think i m gonna pop how was your weekend did u miss me,0
i knew it u slept v late yest wake up so late,0
haha dont be angry with yourself take it as a practice for the real thing,0
where is that one day training,0
so i could kiss and feel you next to me,0
have a nice day my dear,0
i sent lanre fakeye s eckankar details to the mail box,0
your dad is back in ph,0
you have been specially selected to receive a NUMBER award call NUMBER before the lines close cost NUMBER ppm NUMBER t cs apply ag promo,1
if you ask her or she say any please message,0
if e timing can then i go w u lor,0
love you aathi love u lot,0
i was just callin to say hi take care bruv,0
you have won as a valued vodafone customer our computer has picked you to win a NUMBER prize to collect is easy just call NUMBER,1
did u turn on the heater the heater was on and set to lt gt degrees,0
thanks for your message i really appreciate your sacrifice i m not sure of the process of direct pay but will find out on my way back from the test tomorrow i m in class now do have a wonderful day,0
that s the trouble with classes that go well you re due a dodgey one expecting mine tomo see you for recovery same time same place,0
free video camera phones with half price line rental for NUMBER mths and NUMBER cross ntwk mins NUMBER txts call mobileupd NUMBER NUMBER or call NUMBER optout NUMBER,1
wot u up NUMBER j,0
night night see you tomorrow,0
roger that we re probably going to rem in about NUMBER,0
do u think that any girl will propose u today by seing ur bloody funky shit fucking face asssssholeeee,0
i wish u were here i feel so alone,0
great new offer double mins double txt on best orange tariffs and get latest camera phones NUMBER free call mobileupd NUMBER free on NUMBER now or NUMBER stoptxt t cs,1
reason is if the team budget is available at last they buy the unsold players for at base rate,0
ceri u rebel sweet dreamz me little buddy c ya NUMBER moro who needs blokes,0
ringtoneking NUMBER,1
huh i cant thk of more oredi how many pages do we have,0
his frens go then he in lor not alone wif my mum n sis lor,0
nationwide auto centre or something like that on newport road i liked them there,0
hey i missed you tm of last night as my phone was on the charge smiles i am meeting a friend shortly,0
whatever juliana do whatever you want,0
friendship is not a game to play it is not a word to say it doesn t start on march and ends on may it is tomorrow yesterday today and e,0
ringtone club gr NUMBER new polys direct to your mobile every week,1
hello sort of out in town already that so dont rush home i am eating nachos will let you know eta,0
ok lor anyway i thk we cant get tickets now cos like quite late already u wan NUMBER go look NUMBER ur frens a not darren is wif them now,0
bank of granite issues strong buy explosive pick for our members up over NUMBER nasdaq symbol cdgt that is a NUMBER NUMBER per,1
i am on the way to ur home,0
dizzamn aight i ll ask my suitemates when i get back,0
nimbomsons yep phone knows that one obviously cos thats a real word,0
i love to cuddle i want to hold you in my strong arms right now,0
r u in this continent,0
we ll you pay over like lt gt yrs so its not too difficult,0
bored housewives chat n date now NUMBER NUMBER NUMBER bt national rate NUMBER p min only from landlines,1
we tried to call you re your reply to our sms for a video mobile NUMBER mins unlimited text free camcorder reply or call now NUMBER del thurs,1
k k when will you give treat,0
this is the NUMBER nd time we have tried to contact u u have won the NUMBER prize NUMBER claim is easy just call NUMBER now only NUMBER p per minute bt national rate,1
he s just gonna worry for nothing and he won t give you money its no use,0
did you get any gift this year i didnt get anything so bad,0
somewhere out there beneath the pale moon light someone think in of u some where out there where dreams come true goodnite amp sweet dreams,0
well there s a pattern emerging of my friends telling me to drive up and come smoke with them and then telling me that i m a weed fiend make them smoke too much impede their doing other things so you see how i m hesitant,0
ow u dey i paid NUMBER NUMBER thousad i told u would call,0
im fine babes aint been up NUMBER much tho saw scary movie yest its quite funny want NUMBER mrw afternoon at town or mall or sumthin xx,0
i m reaching home in NUMBER min,0
forgot you were working today wanna chat but things are ok so drop me a text when you re free bored etc and i ll ring hope all is well nose essay and all xx,0
ha then we must walk to everywhere cannot take tram my cousin said can walk to vic market from our hotel,0
wan NUMBER win a meet greet with westlife NUMBER u or a m NUMBER they are currently on what tour NUMBER unbreakable NUMBER untamed NUMBER unkempt text NUMBER NUMBER or NUMBER to NUMBER cost NUMBER p std text,1
please call our customer service representative on freephone NUMBER NUMBER NUMBER between NUMBER am NUMBER pm as you have won a guaranteed NUMBER cash or NUMBER prize,1
discussed with your mother ah,0
ok,0
sorry i can t text amp drive coherently see you in twenty,0
you will be receiving this week s triple echo ringtone shortly enjoy it,1
in which place i can get rooms cheap,0
eek that s a lot of time especially since american pie is like NUMBER minutes long i can t stop singing it,0
gran onlyfound out afew days ago cusoon honi,0
u ve been selected to stay in NUMBER of NUMBER top british hotels for nothing holiday valued at NUMBER dial NUMBER to claim national rate call bx NUMBER sw NUMBER ss,1
university of southern california,0
we have to pick rayan macleran there,0
u gd lor go shopping i got stuff to do u wan NUMBER watch infernal affairs a not come lar,0
well balls time to make calls,0
wat time wan today,0
lt gt in mca but not conform,0
oh ok wat s ur email,0
yes princess are you going to make me moan,0
lol its ok i didn t remember til last nite,0
anyway many good evenings to u s,0
cool i ll text you in a few,0
sorry vikky i m watching olave mandara movie kano in trishul theatre wit my frnds,0
i m very happy for you babe woo hoo party on dude,0
i am taking you for italian food how about a pretty dress with no panties,0
wot u up NUMBER thout u were gonna call me txt bak luv k,0
you are chosen to receive a NUMBER award pls call claim number NUMBER to collect your award which you are selected to receive as a valued mobile customer,1
how are you holding up,0
dont flatter yourself tell that man of mine two pints of carlin in ten minutes please,0
hope you are not scared,0
i cant pick the phone right now pls send a message,0
i m at home n ready,0
please call our customer service representative on freephone NUMBER NUMBER NUMBER between NUMBER am NUMBER pm as you have won a guaranteed NUMBER cash or NUMBER prize,1
what time do u get out,0
i am literally in bed and have been up for like lt gt hours,0
yes my reg is ciao,0
if you mean the website yes,0
win a NUMBER cash prize or a prize worth NUMBER,1
thanks for your ringtone order reference number x NUMBER your mobile will be charged NUMBER NUMBER should your tone not arrive please call customer services NUMBER,1
lol or i could just starve and lose a pound by the end of the day,0
yeah that s the impression i got,0
ok ok take care i can understand,0
motivate behind every darkness there is a shining light waiting for you to find it behind every best friend there is always trust and love bslvyl,0
ya ok then had dinner,0
i was slept that time you there,0
dont make ne plans for nxt wknd coz she wants us to come down then ok,0
when is school starting where will you stay what s the weather like and the food do you have a social support system like friends in the school all these things are important,0
ha ha nan yalrigu heltini iyo kothi chikku u shared many things wit me so far i didn t told any body and even uttered a word abt u if ur trusting me so much how can i tell these to others plz nxt time dont use those words to me ok chikku b,0
noice text me when you re here,0
hi di is yijue we re meeting at NUMBER pm at esaplanade tonight,0
moby pub quiz win a NUMBER high street prize if u know who the new duchess of cornwall will be txt her first name to NUMBER unsub stop NUMBER NUMBER NUMBER sp,1
this weeks savamob member offers are now accessible just call NUMBER for details savamob pobox NUMBER la NUMBER NUMBER wu only NUMBER NUMBER week savamob offers mobile,1
aight i ve been set free think you could text me blake s address it occurs to me i m not quite as sure what i m doing as i thought i was,0
hi dear we saw dear we both are happy where you my battery is low,0
how are you its been ages how s abj,0
prof you have passed in all the papers in this sem congrats student enna kalaachutaarama prof gud mrng,0
dont kick coco when he s down,0
fyi i m gonna call you sporadically starting at like lt gt bc we are not not doin this shit,0
you are being contacted by our dating service by someone you know to find out who it is call from your mobile or landline NUMBER pobox NUMBER ldns NUMBER,1
tbs persolvo been chasing us since sept for NUMBER definitely not paying now thanks to your information we will ignore them kath manchester,1
hope you re not having too much fun without me see u tomorrow love jess x,0
ok i wont call or disturb any one i know all are avoiding me i am a burden for all,0
i ve reached home n i bathe liao u can call me now,0
loans for any purpose even if you have bad credit tenants welcome call noworriesloans com on NUMBER,1
was the actual exam harder than nbme,0
a lot of this sickness thing going round take it easy hope u feel better soon lol,0
god picked up a flower and dippeditinadew lovingly touched itwhichturnedinto u and the he gifted tomeandsaid this friend is NUMBER u,0
NUMBER kick off a new season with NUMBER wks free goals news to ur mobile txt ur club name to NUMBER eg villa to NUMBER,1
hey sathya till now we dint meet not even a single time then how can i saw the situation sathya,0
gam gone after outstanding innings,0
o i played smash bros lt gt religiously,0
sir good morning hope you had a good weekend i called to let you know that i was able to raise lt gt from my dad he however said he would make the rest available by mid feb this amount is still quite short and i was hoping you would help do have a good day abiola,0
hurry home soup is done,0
no no i will check all rooms befor activities,0
good afternoon my love it was good to see your words on ym and get your tm very smart move my slave smiles i drink my coffee and await you,0
quite ok but a bit ex u better go eat smth now else i ll feel guilty,0
orange brings you ringtones from all time chart heroes with a free hit each week go to ringtones pics on wap to stop receiving these tips reply stop,1
lemme know when you re here,0
private your NUMBER account statement for NUMBER shows NUMBER un redeemed s i m points call NUMBER identifier code NUMBER expires NUMBER NUMBER NUMBER,1
he needs to stop going to bed and make with the fucking dealing,0
how are you my love are you with your brother time to talk english with him grins say hey muhommad penny says hello from across the sea,0
we tried to call you re your reply to our sms for a video mobile NUMBER mins unlimited text free camcorder reply of call NUMBER now,1
hey doc pls i want to get nice t shirt for my hubby nice fiting ones my budget is lt gt k help pls i will load d card abi hw keep me posted luv NUMBER mj,0
i remain unconvinced that this isn t an elaborate test of my willpower,0
life is nothing wen v get everything but life is everything wen v miss something real value of people wil be realized only in their absence gud mrng,0
how are you i miss you,0
i ain t answerin no phone at what is actually a pretty reasonable hour but i m sleepy,0
hey is rite u put NUMBER evey mnth is that all,0
i am going to bed now prin,0
i think just yourself thanks and see you tomo,0
if u dun drive then how i go NUMBER sch,0
i not at home now lei,0
gsoh good with spam the ladies u could b a male gigolo NUMBER join the uk s fastest growing mens club reply oncall mjzgroup NUMBER NUMBER stop reply stop msg NUMBER NUMBER rcvd,1
ok then i will come to ur home after half an hour,0
u have a secret admirer who is looking NUMBER make contact with u find out who they r reveal who thinks ur so special call on NUMBER,1
do u hav any frnd by name ashwini in ur college,0
jus finish my lunch on my way home lor i tot u dun wan NUMBER stay in sch today,0
k then NUMBER marrow are you coming to class,0
hot live fantasies call now NUMBER just NUMBER p per min ntt ltd po box NUMBER croydon cr NUMBER NUMBER wb NUMBER is a national rate call,1
pls send me your address sir,0
i want to lick your pussy now,0
yo you gonna still be in stock tomorrow today i m trying to get a dubsack,0
urgent your mobile number has been awarded a ukp NUMBER prize guaranteed call NUMBER from landline claim NUMBER valid NUMBER hrs only NUMBER ppm,1
i ll see but prolly yeah,0
thought we could go out for dinner i ll treat you seem ok,0
where are you what do you do how can you stand to be away from me doesn t your heart ache without me don t you wonder of me don t you crave me,0
sorry you never hear unless you book it one was kinda a joke thet were really looking for skinny white girls the other was one line you can only do so much on camera with that something like that they re casting on the look,0
what you doing how are you,0
sure thing big man i have hockey elections at NUMBER shouldn t go on longer than an hour though,0
watch lor i saw a few swatch one i thk quite ok ard NUMBER but i need NUMBER nd opinion leh,0
hiya do u like the hlday pics looked horrible in them so took mo out hows the camp amrca thing speak soon serena,0
babe how goes that day what are you up to i miss you already my love loving kiss i hope everything goes well,0
yunny i m goin to be late,0
doc prescribed me morphine cause the other pain meds aren t enough waiting for my mom to bring it that med should kick in fast so i m gonna try to be on later,0
cool want me to go to kappa or should i meet you outside mu,0
hey sexy buns have i told you i adore you loverboy i hope you remember to thank your sister in law for those meatballs grins i love you babe,0
may b approve panalam but it should have more posts,0
spjanuary male sale hot gay chat now cheaper call NUMBER national rate from NUMBER NUMBER p min cheap to NUMBER NUMBER p min peak to stop texts call NUMBER NUMBER p min,1
sorry i ll call later,0
i dont thnk its a wrong calling between us,0
me i m not workin once i get job,0
and by when you re done i mean now,0
its ur luck to love someone its ur fortune to love the one who loves u but its a miracle to love a person who can t love anyone except u gud nyt,0
hi baby ive just got back from work and i was wanting to see u allday i hope i didnt piss u off on the phone today if u are up give me a call xxx,0
freemsg today s the day if you are ready i m horny live in your town i love sex fun games netcollex ltd NUMBER p per msg reply stop to end,1
is it your yahoo boys that bring in the perf or legal,0
no need to say anything to me i know i am an outsider,0
have you ever had one foot before,0
just got to lt gt,0
good no don t need any receipts well done yes please tell what s her number i could ring her,0
ever green quote ever told by jerry in cartoon a person who irritates u always is the one who loves u vry much but fails to express it gud nyt,0
leave it wif me lar wan to carry meh so heavy is da num NUMBER familiar to,0
beautiful truth expression of the face could be seen by everyone but the depression of heart could be understood only by the loved ones gud ni NUMBER,0
infact happy new year how are you where are you when are we seeing,0
in the simpsons movie released in july NUMBER name the band that died at the start of the film a green day b blue day c red day send a b or c,1
that s a shame maybe cld meet for few hrs tomo,0
lol i would but despite these cramps i like being a girl,0
i can t wait for cornwall hope tonight isn t too bad as well but it s rock night shite anyway i m going for a kip now have a good night speak to you soon,0
pls help me tell sura that i m expecting a battery from hont and that if should pls send me a message about how to download movies thanks,0
please call amanda with regard to renewing or upgrading your current t mobile handset free of charge offer ends today tel NUMBER NUMBER NUMBER subject to t s and c s,1
haven t found a way to get another app for your phone eh will you go to the net cafe did you take that job geeee i need you babe i crave to see you,0
i only work from mon to thurs but sat i cant leh booked liao which other day u free,0
comin to fetch us oredi,0
what s nannys address,0
urgent your NUMBER costa del sol holiday or NUMBER await collection call NUMBER now toclaim sae tc s pobox NUMBER stockport sk NUMBER xh cost NUMBER NUMBER pm max NUMBER mins,1
haf u eaten wat time u wan me NUMBER come,0
want a new video phone NUMBER anytime any network mins half price line rental free text for NUMBER months reply or call NUMBER for free delivery,1
yo call me when you get the chance a friend of mine wanted me to ask you about a big order,0
this single single answers are we fighting plus i said am broke and you didnt reply,0
it certainly puts things into perspective when something like this happens,0
now got tv NUMBER watch meh u no work today,0
i felt so not any conveying reason ese he what about me,0
had your mobile NUMBER months or more u r entitled to update to the latest colour mobiles with camera for free call the mobile update co free on NUMBER,1
how s it going got any exciting karaoke type activities planned i m debating whether to play football this eve feeling lazy though,0
i told that am coming on wednesday,0
its ok called mom instead have fun,0
dear voucher holder to claim this weeks offer at your pc please go to URL ts cs apply,1
well if i m that desperate i ll just call armand again,0
are you at work right now,0
congrats nokia NUMBER video camera phone is your call NUMBER calls cost NUMBER ppm ave call NUMBER mins vary from mobiles NUMBER close NUMBER post bcm NUMBER ldn wc NUMBER n NUMBER xx,1
haven t heard anything and he s not answering my texts so i m guessing he flaked that said the jb is fantastic,0
mmmmmm i love you so much ahmad i can t wait for this year to begin as every second takes me closer to being at your side happy new year my love,0
pls what s the full name of joke s school cos fees in university of florida seem to actually be lt gt k pls holla back,0
sorry i ll call later,0
ok but they said i ve got wisdom teeth hidden inside n mayb need NUMBER remove,0
and pls pls drink plenty plenty water,0
how are you doing how s the queen are you going for the royal wedding,0
he s in lag that s just the sad part but we keep in touch thanks to skype,0
ok lor then we go tog lor,0
two teams waiting for some players,0
can send me a copy of da report,0
swhrt how u dey hope ur ok tot about u NUMBER day love n miss take care,0
ok da i already planned i wil pick you,0
urgent please call NUMBER your abta complimentary NUMBER spanish holiday or NUMBER NUMBER cash await collection sae t cs box NUMBER po NUMBER NUMBER ez NUMBER ppm NUMBER,1
sorry i ll call later in meeting,0
i just really need shit before tomorrow and i know you won t be awake before like NUMBER,0
i m good have you registered to vote,0
hmm ok i ll stay for like an hour cos my eye is really sore,0
dear got bus directly to calicut,0
mm umma ask vava also to come tell him can play later together,0
well the general price is lt gt oz let me know if when how much you want,0
sorry i ll call later,0
each moment in a day has its own value morning brings hope afternoon brings faith evening brings luv night brings rest wish u find them all today good morning,0
lt gt w jetton ave if you forgot,0
ok i m coming home now,0
can not use foreign stamps in this country,0
double mins and txts NUMBER NUMBER months free bluetooth on orange available on sony nokia motorola phones call mobileupd NUMBER on NUMBER or call NUMBER optout n NUMBER dx,1
sorry it s a lot of friend of a friend stuff i m just now about to talk to the actual guy who wants to buy,0
free for NUMBER st week no NUMBER nokia tone NUMBER ur mob every week just txt nokia to NUMBER get txting and tell ur mates URL pobox NUMBER w NUMBER wq norm NUMBER p tone NUMBER,1
want to funk up ur fone with a weekly new tone reply tones NUMBER u NUMBER this text URL the original n best tones NUMBER gbp network operator rates apply,1
cmon babe make me horny turn me on txt me your fantasy now babe im hot sticky and need you now all replies cost NUMBER NUMBER NUMBER cancel send stop,1
i will come tomorrow di,0
wylie update my weed dealer carlos went to freedom and had a class with lunsford,0
are you happy baby are you alright did you take that job i hope your fine i send you a kiss to make you smile from across the sea kiss kiss,0
c movie is juz last minute decision mah juz watch NUMBER lar but i tot not interested,0
how are you enjoying this semester take care brother,0
important information NUMBER orange user NUMBER xxxxxx today is ur lucky day NUMBER find out why log onto URL there s a fantastic prizeawaiting you,1
get the door i m here,0
lets use it next week princess,0
or i go home first lar wait NUMBER me lor i put down my stuff first,0
i want kfc its tuesday only buy NUMBER meals only NUMBER no gravy only NUMBER mark NUMBER,0
no da he is stupid da always sending like this don believe any of those message pandy is a mental,0
oi when you gonna ring,0
missed call alert these numbers called but left no message NUMBER,1
i attended but nothing is there,0
ard NUMBER like dat lor we juz meet in mrt station then dun haf to come out,0
no dear i was sleeping p,0
er mw im filled tuth is aight,0
will be office around NUMBER pm now i am going hospital,0
actually i m waiting for NUMBER weeks when they start putting ad,0
anything lor if they all go then i go lor,0
u free on sat rite u wan NUMBER watch infernal affairs wif me n darren n mayb xy,0
plz note if anyone calling from a mobile co amp asks u to type lt gt or lt gt do not do so disconnect the call coz it iz an attempt of terrorist to make use of the sim card no itz confirmd by nokia n motorola n has been verified by cnn ibn,0
yo you around a friend of mine s lookin to pick up later tonight,0
stupid auto correct on my phone,0
double eviction this week spiral and michael and good riddance to them,0
the world suffers a lot not because of the violence of bad people but because of the silence of good people gud night,0
ok thats cool its just off either raglan rd or edward rd behind the cricket ground gimme ring when ur closeby see you tuesday,0
buy one egg for me da please,0
have you started in skye,0
have you bookedthe hut and also your time off how are you by the way,0
and several to you sir,0
u really pig leh sleep so much my dad wake me up at NUMBER smth NUMBER eat lunch today,0
i m at home please call,0
my love i hope your not doing anything drastic don t you dare sell your pc or your phone,0
now only i reached home i am very tired now i will come tomorro,0
freemsg our records indicate you may be entitled to NUMBER pounds for the accident you had to claim for free reply with yes to this msg to opt out text stop,1
u can win NUMBER of music gift vouchers every week starting now txt the word draw to NUMBER tscs URL skillgame NUMBER winaweek age NUMBER NUMBER ppermesssubscription,1
life style garments account no please,0
lol wtf random btw is that your lunch break,0
sez hows u de arab boy hope u r all good give my love NUMBER evry NUMBER love ya eshxxxxxxxxxxx,0
the lay man just to let you know you are missed and thought off do have a great day and if you can send me bimbo and ugo s numbers ill appreciate safe,0
detroit the home of snow enjoy it,0
show ur colours euro NUMBER NUMBER NUMBER NUMBER offer get an england flag NUMBER lions tone on ur phone click on the following service message for info,1
okie,0
aight i m chillin in a friend s room so text me when you re on the way,0
is toshiba portege m NUMBER gd,0
well welp is sort of a semiobscure internet thing,0
text pass to NUMBER to collect your polyphonic ringtones normal gprs charges apply only enjoy your tones,1
accordingly i repeat just text the word ok on your mobile phone and send,1
loosu go to hospital de dont let it careless,0
how much for an eighth,0
omg joanna is freaking me out she s looked thru all my friends to find photos of me and then she s asking about stuff on my myspace which i haven t even logged on in like a year,0
send ur birthdate with month and year i will tel u ur life partner s name and the method of calculation reply must,0
juz now havent woke up so a bit blur blur can dad went out liao i cant cum now oso,0
how about clothes jewelry and trips,0
block breaker now comes in deluxe format with new features and great graphics from t mobile buy for just NUMBER by replying get bbdeluxe and take the challenge,1
aah a cuddle would be lush i d need lots of tea and soup before any kind of fumbling,0
important information NUMBER orange user today is your lucky day NUMBER find out why log onto URL there s a fantastic surprise awaiting you,1
i am late i will be there at,0
sad story of a man last week was my b day my wife did nt wish me my parents forgot n so did my kids i went to work even my colleagues did not wish,0
are you plans with your family set in stone,0
pls dont forget to study,0
you ll never believe this but i have actually got off at taunton wow,0
den only weekdays got special price haiz cant eat liao cut nails oso muz wait until i finish drivin wat lunch still muz eat wat,0
she just broke down a list of reasons why nobody s in town and i can t tell if she s being sarcastic or just faggy,0
lt decimal gt m but its not a common car here so its better to buy from china or asia or if i find it less expensive i ll holla,0
the greatest test of courage on earth is to bear defeat without losing heart gn tc,0
sorry im stil fucked after last nite went tobed at NUMBER got up NUMBER work at NUMBER,0
hey so whats the plan this sat,0
beauty sleep can help ur pimples too,0
great hope you are using your connections from mode men also cos you can never know why old friends can lead you to today,0
natalja NUMBER f is inviting you to be her friend reply yes NUMBER or no NUMBER see her URL stop send stop frnd to NUMBER,1
where to get those,0
kind of just missed train cos of asthma attack nxt one in half hr so driving in not sure where to park,0
ball is moving a lot will spin in last so very difficult to bat,0
haiyoh maybe your hamster was jealous of million,0
can you please send me my aunty s number,0
i m glad you are following your dreams,0
i ve reached home finally,0
urgent important information for NUMBER user today is your lucky day NUMBER find out why log onto URL there is a fantastic surprise awaiting you,1
winner as a valued network customer you have been selected to receivea NUMBER prize reward to claim call NUMBER claim code kl NUMBER valid NUMBER hours only,1
wn u r hurt by d prsn who s close NUMBER u do fight wit dem coz somtimes dis fight saves a relation bt being quiet leaves nothin in a relation gud eveb,0
u can call now,0
science tells that chocolate will melt under the sunlight please don t walk under the sunlight bcoz i don t want to loss a sweet friend,0
yes i come to nyc for audiitions and am trying to relocate,0
i pocked you up there before,0
congrats that s great i wanted to tell you not to tell me your score cos it might make me relax but its motivating me so thanks for sharing,0
i wud never mind if u dont miss me or if u dont need me but u wil really hurt me wen u need me amp u dont tell me take care,0
hey mr whats the name of that bill brison book the one about language and words,0
okay good no problem and thanx,0
for you information ikea is spelled with all caps that is not yelling when you thought i had left you you were sitting on the bed among the mess when i came in i said we were going after you got home from class please don t try and bullshit me it makes me want to listen to you less,0
call me when u re done,0
g w r,0
you best watch what you say cause i get drunk as a motherfucker,0
kit strip you have been billed NUMBER p netcollex ltd po box NUMBER ig NUMBER oja,1
hmv bonus special NUMBER pounds of genuine hmv vouchers to be won just answer NUMBER easy questions play now send hmv to NUMBER more info URL,1
please call NUMBER immediately as there is an urgent message waiting for you,1
thesmszone com lets you send free anonymous and masked messages im sending this message from there do you see the potential for abuse,1
well done your NUMBER costa del sol holiday or NUMBER await collection call NUMBER now toclaim sae tcs pobox NUMBER stockport sk NUMBER xh cost NUMBER NUMBER pm max NUMBER mins,1
hurt me tease me make me cry but in the end of my life when i die plz keep one rose on my grave and say stupid i miss u have a nice day bslvyl,0
erm woodland avenue somewhere do you get the parish magazine his telephone number will be in there,0
are there ta jobs available let me know please cos i really need to start working,0
aiyar hard NUMBER type u later free then tell me then i call n scold n tell u,0
yup i m free,0
good good billy mates all gone just been jogging again did enjoy concert,0
yo come over carlos will be here soon,0
awww dat is sweet we can think of something to do he he have a nice time tonight ill probably txt u later cos im lonely xxx,0
i guess it is useless calling u NUMBER something important,0
ha ha had popped down to the loo when you hello ed me hello,0
he dint tell anything he is angry on me that why you told to abi,0
someone u know has asked our dating service NUMBER contact you cant guess who call NUMBER now all will be revealed po box NUMBER m NUMBER NUMBER wu,1
it so happens that there r NUMBER waxsto do wat you want she can come and ill get her medical insurance and she ll be able to deliver and have basic care i m currently shopping for the right medical insurance for her so just give me til friday morning thats when i ll see the major person that can guide me to the right insurance,0
i keep ten rs in my shelf buy two egg,0
i wasn t well babe i have swollen glands at my throat what did you end up doing,0
is ur changes NUMBER da report big cos i ve already made changes NUMBER da previous report,0
captain is in our room,0
i can t speak bcaz mobile have problem i can listen you but you cann t listen my voice so i calls you later,0
hiya stu wot u up NUMBER im in so much truble at home at moment evone hates me even u wot the hell av i done now y wont u just tell me text bck please luv dan,0
s i will take mokka players only,0
are you still playing with gautham,0
hey mr and i are going to the sea view and having a couple of gays i mean games give me a bell when ya finish,0
k jason says he s gonna be around so i ll be up there around lt gt,0
sorry i will be able to get to you see you in the morning,0
aight well keep me informed,0
i am not having her number sir,0
am only searching for good dual sim mobile pa,0
that seems unnecessarily hostile,0
dude got a haircut now its breezy up there,0
congrats NUMBER mobile NUMBER g videophones r yours call NUMBER now videochat wid ur mates play java games dload polyh music noline rentl bx NUMBER ip NUMBER NUMBER we NUMBER pm,1
NUMBER apple day no doctor NUMBER tulsi leaf day no cancer NUMBER lemon day no fat NUMBER cup milk day no bone problms NUMBER litres watr day no diseases snd ths NUMBER whom u care,0
i thought we were doing a king of the hill thing there,0
nope i ll come online now,0
also tell him i said happy birthday,0
y bishan lei i tot say lavender,0
boo what time u get out u were supposed to take me shopping today,0
now u sound like manky scouse boy steve like i is travelling on da bus home wot has u inmind NUMBER recreation dis eve,0
fyi i m taking a quick shower be at epsilon in like lt gt min,0
on a tuesday night r u NUMBER real,0
yes when is the appt again,0
just got outta class gonna go gym,0
i want to sent lt gt mesages today thats y sorry if i hurts,0
all write or wat,0
ha i wouldn t say that i just didn t read anything into way u seemed i don t like NUMBER be judgemental i save that for fridays in the pub,0
its a valentine game send dis msg to all ur friends if NUMBER answers r d same then someone really loves u ques which colour suits me the best,0
hi did you asked to waheeda fathima about leave,0
enjoy urself tmr,0
you still around i could use a half NUMBER th,0
u NUMBER have a secret admirer who is looking NUMBER make contact with u find out who they r reveal who thinks ur so special call on NUMBER,1
you give us back my id proof and lt gt rs we wont allow you to work we will come to your home within days,0
bot notes oredi cos i juz rem i got,0
yes rent is very expensive so its the way we save,0
night has ended for another day morning has come in a special way may you smile like the sunny rays and leaves your worries at the blue blue bay gud mrng,0
hows the pain dear y r u smiling,0
fun fact although you would think armand would eventually build up a tolerance or some shit considering how much he smokes he gets fucked up in like NUMBER hits,0
important information NUMBER orange user NUMBER xxxxxxx today is your lucky day NUMBER find out why log onto URL there s a fantastic surprise awaiting you,1
sorry i can t help you on this,0
great so should i send you my account number,0
hellogorgeous hows u my fone was on charge lst nitw wen u texd me hopeu ad a nice wkend as im sure u did lookin NUMBER ward NUMBER c in u NUMBER mrw luv jaz,0
our dating service has been asked NUMBER contact u by someone shy call NUMBER now all will be revealed pobox NUMBER m NUMBER NUMBER uz NUMBER p,1
only send me the contents page,0
night sweet sleep well i ve just been to see the exorcism of emily rose and may never sleep again hugs and snogs,0
don t think about what u have got think about how to use it that you have got good ni NUMBER,0
i can t right this second gotta hit people up first,0
evry emotion dsn t hav words evry wish dsn t hav prayrs if u smile d world is wit u othrwise even d drop of tear dsn t lik NUMBER stay wit u so b happy good morning keep smiling,0
so what about you what do you remember,0
ujhhhhhhh computer shipped out with address to sandiago and parantella lane wtf poop,0
mm yes dear look how i am hugging you both p,0
i like dis sweater fr mango but no more my size already so irritating,0
NUMBER i don t have her number and NUMBER its gonna be a massive pain in the ass and i d rather not get involved if that s possible,0
anytime lor,0
do you want a new video handset NUMBER any time any network mins unlimited text camcorder reply or call now NUMBER for del sat am,1
purity of friendship between two is not about smiling after reading the forwarded message its about smiling just by seeing the name gud evng,0
ur balance is now NUMBER next question complete the landmark big a bob b barry or c ben text a b or c to NUMBER good luck,1
me fine absolutly fine,0
k and you re sure i don t have to have consent forms to do it v,0
ur tonexs subscription has been renewed and you have been charged NUMBER NUMBER you can choose NUMBER more polys this month URL billing msg,1
if you don t your prize will go to another customer t c at URL NUMBER NUMBER p min polo ltd suite NUMBER london w NUMBER j NUMBER hl please call back if busy,1
how much is torch in NUMBER ja,0
doing nothing then u not having dinner w us,0
how are you just checking up on you,0
done it but internet connection v slow and can t send it will try again later or first thing tomo,0
mathews or tait or edwards or anderson,0
yeah sure thing mate haunt got all my stuff sorted but im going sound anyway promoting hex for by the way who is this dont know number joke,0
no need lar i go engin cos my sis at arts today,0
thanks honey but still haven t heard anything i will leave it a bit longer so not NUMBER crowd him and will try later great advice thanks hope cardiff is still there,0
do you want a new nokia NUMBER i colour phone delivered tomorrow with NUMBER free minutes to any mobile NUMBER free text free camcorder reply or call NUMBER,1
im on the snowboarding trip i was wondering if your planning to get everyone together befor we go a meet and greet kind of affair cheers,0
s i m watching it in live,0
see you then we re all christmassy here,0
k i m ready lt gt,0
do you know why god created gap between your fingers so that one who is made for you comes amp fills those gaps by holding your hand with love,0
the greatest test of courage on earth is to bear defeat without losing heart gn tc,0
what are your new years plans,0
recpt NUMBER NUMBER you have ordered a ringtone your order is being processed,1
baaaaaaaabe wake up i miss you i crave you i need you,0
only just got this message not ignoring you yes i was shopping that is,0
dear why you mood off i cant drive so i brother to drive,0
when did dad get back,0
can you tell shola to please go to college of medicine and visit the academic department tell the academic secretary what the current situation is and ask if she can transfer there she should ask someone to check sagamu for the same thing and lautech its vital she completes her medical education in nigeria its less expensive much less expensive unless she will be getting citizen rates in new zealand,0
yes just finished watching days of our lives i love it,0
juz go google n search NUMBER qet,0
many times we lose our best ones bcoz we are,0
good friends care for each other close friends understand each other and true friends stay forever beyond words beyond time gud ni NUMBER,0
just getting back home,0
sorry i ll call later lt gt mins,0
dun need to use dial up juz open da browser n surf,0
as one of our registered subscribers u can enter the draw NUMBER a NUMBER g b gift voucher by replying with enter to unsubscribe text stop,1
awesome plan to get here any time after like lt gt i ll text you details in a wee bit,0
take care and sleep well you need to learn to change in life you only need to get convinced on that i will wait but no more conversations between us get convinced by that time your family is over for you in many senses respect them but not overemphasise or u have no role in my life,0
for your chance to win a free bluetooth headset then simply reply back with adp,1
you also didnt get na hi hi hi hi hi,0
ya but it cant display internal subs so i gotta extract them,0
if i said anything wrong sorry de,0
sad story of a man last week was my b day my wife did nt wish me my parents forgot n so did my kids i went to work even my colleagues did not wish,0
how stupid to say that i challenge god you dont think at all on what i write instead you respond immed,0
yeah i should be able to i ll text you when i m ready to meet up,0
v skint too but fancied few bevies waz gona go meet othrs in spoon but jst bin watchng planet earth sofa is v comfey if i dont make it hav gd night,0
says that he s quitting at least NUMBER times a day so i wudn t take much notice of that nah she didn t mind are you gonna see him again do you want to come to taunton tonight u can tell me all about,0
when you get free call me,0
how have your little darlings been so far this week need a coffee run tomo can t believe it s that time of week already,0
ok i msg u b NUMBER i leave my house,0
still at west coast haiz ll take forever to come back,0
mmm fuck merry christmas to me,0
alright thanks for the advice enjoy your night out i ma try to get some sleep,0
update your face book status frequently,0
just now saw your message it k da,0
was it something u ate,0
so what did the bank say about the money,0
aiyar dun disturb u liao thk u have lots NUMBER do aft ur cupboard come,0
hey they r not watching movie tonight so i ll prob b home early,0
yar lor how u noe u used dat route too,0
NUMBER mro i am not coming to gym machan goodnight,0
dont think you need yellow card for uk travel ask someone that has gone before if you do its just lt gt bucks,0
can u look NUMBER me in da lib i got stuff havent finish yet,0
sounds great im going to sleep now have a good night,0
don t b floppy b snappy happy only gay chat service with photo upload call NUMBER NUMBER p min NUMBER stop our texts call NUMBER,1
house maid is the murderer coz the man was murdered on lt gt th january as public holiday all govt instituitions are closed including post office understand,0
how come u got nothing to do,0
nothing will ever be easy but don t be looking for a reason not to take a risk on life and love,0
i want to grasp your pretty booty,0
i ve got it down to a tea not sure which flavour,0
i m going NUMBER orchard now laready me reaching soon u reaching,0
dear i am not denying your words please,0
you know my old dom i told you about yesterday his name is roger he got in touch with me last night and wants me to meet him today at NUMBER pm,0
come back to tampa ffffuuuuuuu,0
NUMBER celebrate my b day y else,0
merry christmas to u too annie,0
please tell me you have some of that special stock you were talking about,0
i sent them do you like,0
urgent ur awarded a complimentary trip to eurodisinc trav aco entry NUMBER or NUMBER to claim txt dis to NUMBER NUMBER NUMBER NUMBER NUMBER morefrmmob shracomorsglsuplt NUMBER ls NUMBER NUMBER aj,1
awesome be there in a minute,0
and that is the problem you walk around in julianaland oblivious to what is going on around you i say the same things constantly and they go in one ear and out the other while you go off doing whatever you want to do it s not that you don t know why i m upset it s that you don t listen when i tell you what is going to upset me then you want to be surprised when i m mad,0
i ve told you everything will stop just dont let her get dehydrated,0
or i guess lt gt min,0
i m home ard wat time will u reach,0
storming msg wen u lift d phne u say hello do u knw wt is d real meaning of hello it s d name of a girl yes and u knw who is dat girl margaret hello she is d girlfrnd f grahmbell who invnted telphone moral one can NUMBER get d name of a person bt not his girlfrnd g o o d n i g h t,0
if you want to mapquest it or something look up usf dogwood drive that s the tiny street where the parking lot is,0
aight should i just plan to come up later tonight,0
die i accidentally deleted e msg i suppose NUMBER put in e sim archive haiz i so sad,0
welcome to uk mobile date this msg is free giving you free calling to NUMBER future mgs billed at NUMBER p daily to cancel send go stop to NUMBER,1
this is wishing you a great day moji told me about your offer and as always i was speechless you offer so easily to go to great lengths on my behalf and its stunning my exam is next friday after that i will keep in touch more sorry,0
thanks again for your reply today when is ur visa coming in and r u still buying the gucci and bags my sister things are not easy uncle john also has his own bills so i really need to think about how to make my own money later sha,0
sorry i flaked last night shit s seriously goin down with my roommate what you up to tonight,0
he said i look pretty wif long hair wat but i thk he s cutting quite short NUMBER me leh,0
ranjith cal drpd deeraj and deepak NUMBER min hold,0
cheers for callin babe sozi culdnt talkbut i wannatell u details later wenwecan chat properly x,0
hey u still at the gym,0
she said do u mind if i go into the bedroom for a minute ok i sed in a sexy mood she came out NUMBER minuts latr wid a cake n my wife,0
much better now thanks lol,0
nothing smsing u n xy lor sorry lor da guys neva c u in person but they sort of know u lor so u wan NUMBER meet them xy ask me NUMBER bring u along NUMBER our next meeting,0
lemme know when i can swing by and pick up i m free basically any time after NUMBER all this semester,0
wa u so efficient gee thanx,0
NUMBER you have received your mobile content enjoy,1
s but not able to sleep,0
want explicit sex in NUMBER secs ring NUMBER now costs NUMBER p min,1
we will meet soon princess ttyl,0
i ll pick you up at about NUMBER NUMBER pm to go to taunton if you still want to come,0
oh only NUMBER outside players allowed to play know,0
i anything lor,0
erutupalam thandiyachu,0
y cant u try new invention to fly i m not joking,0
no its ful of song lyrics,0
what do u reckon as need NUMBER arrange transport if u can t do it thanks,0
true lov n care wil nevr go unrecognized though somone often makes mistakes when valuing it but they will definitly undrstnd once when they start missing it,0
shopping eh ger i toking abt syd leh haha,0
what not under standing,0
have good weekend,0
miss call miss call khelate kintu opponenter miss call dhorte lage thats d rule one with great phone receiving quality wins,0
call me when you get the chance plz lt NUMBER,0
the new deus ex game comin early next yr,0
my computer just fried the only essential part we don t keep spares of because my fucking idiot roommates looovvve leaving the thing running on full lt gt NUMBER,0
my friend she s studying at warwick we ve planned to go shopping and to concert tmw but it may be canceled havn t seen for ages yeah we should get together sometime,0
probably a couple hours tops,0
lol grins i m not babe but thanks for thinking of me,0
man this bus is so so so slow i think you re gonna get there before me,0
hope this text meets you smiling if not then let this text give you a reason to smile have a beautiful day,0
in case you wake up wondering where i am i forgot i have to take care of something for grandma today should be done before the parade,0
ok,0
latest nokia mobile or ipod mp NUMBER player NUMBER proze guaranteed reply with win to NUMBER now norcorp ltd NUMBER NUMBER mtmsgrcvd NUMBER,1
sms services for your inclusive text credits pls goto URL login NUMBER qxj NUMBER unsubscribe with stop no extra charge help NUMBER comuk NUMBER cm NUMBER NUMBER ae,1
nvm take ur time,0
so wat s da decision,0
wot is u up NUMBER then bitch,0
stupid its not possible,0
she told to hr that he want posting in chennai because i m working here,0
mobile club choose any of the top quality items for your mobile NUMBER cfca NUMBER a,1
when are you guys leaving,0
he neva grumble but i sad lor hee buy tmr lor aft lunch but we still meetin NUMBER lunch tmr a not neva hear fr them lei got a lot of work ar,0
not able to do anything,0
takin linear algebra today,0
this weekend is fine an excuse not to do too much decorating,0
sorry i missed you babe i was up late and slept in i hope you enjoy your driving lesson boytoy i miss you too teasing kiss,0
now project pa after that only i can come,0
money i have won wining number NUMBER wot do i do next,1
sure whenever you show the fuck up gt,0
that was random saw my old roomate on campus he graduated,0
congrats NUMBER mobile NUMBER g videophones r yours call NUMBER now videochat wid ur mates play java games dload polyh music noline rentl bx NUMBER ip NUMBER NUMBER we NUMBER pm,1
men always needs a beautiful intelligent caring loving adjustable cooperative wife but the law allows only one wife,0
that sucks so what do you got planned for your yo valentine i am your yo valentine aren t i,0
just got part nottingham NUMBER hrs NUMBER miles good thing i love my man so much but only doing NUMBER mph hey ho,0
what to think no one saying clearly ok leave no need to ask her i will go if she come or not,0
hi good mornin thanku wish u d same,0
do u want NUMBER meet up NUMBER morro,0
actually i decided i was too hungry so i haven t left yet v,0
i ve sent my part,0
cos i was out shopping wif darren jus now n i called him NUMBER ask wat present he wan lor then he started guessing who i was wif n he finally guessed darren lor,0
i want some cock my hubby s away i need a real man NUMBER satisfy me txt wife to NUMBER for no strings action txt stop NUMBER end txt rec NUMBER NUMBER ea otbox NUMBER la NUMBER NUMBER ws,1
understand his loss is my gain so do you work school,0
how are u i have missed u i havent been up NUMBER much a bit bored with the holiday want NUMBER go bak NUMBER college sad isnt it xx,0
hiya probably coming home weekend after next,0
don t forget though that i love you and i walk beside you watching over you and keeping your heart warm,0
i wish things were different i wonder when i will be able to show you how much i value you pls continue the brisk walks no drugs without askin me please and find things to laugh about i love you dearly,0
ok both our days so what are you making for dinner tonite am i invited,0
gr NUMBER new service live sex video chat on your mob see the sexiest dirtiest girls live on ur phone NUMBER details text horny to NUMBER to cancel send stop to NUMBER,1
i have no money NUMBER steve mate,0
im late tellmiss im on my way,0
never blame a day in ur life good days give u happiness bad days give u experience both are essential in life all are gods blessings good morning,0
normally i use to drink more water daily,0
dare i ask any luck with sorting out the car,0
party s at my place at usf no charge but if you can contribute in any way it is greatly appreciated and yeah we got room for one more,0
urgh coach hot smells of chip fat thanks again especially for the duvet not a predictive text word,0
hiya how was last night i ve been naughty and bought myself clothes and very little ready for more shopping tho what kind of time do you wanna meet,0
freemsg hi baby wow just got a new cam moby wanna c a hot pic or fancy a chat im w NUMBER in NUMBER utxt rply chat to NUMBER hlp NUMBER msg NUMBER p NUMBER rcv,1
i ve been trying to reach him without success,0
when you and derek done with class,0
never y lei i v lazy got wat dat day send me da url cant work one,0
never try alone to take the weight of a tear that comes out of ur heart and falls through ur eyes always remember a stupid friend is here to share bslvyl,0
hey mate spoke to the mag people we re on the is deliver by the end of the month deliver on the NUMBER th sept talk later,0
hope you are having a good week just checking in,0
haha my friend tyler literally just asked if you could get him a dubsack,0
hey do u fancy meetin me at NUMBER at cha hav a lil beverage on me if not txt or ring me and we can meet up l NUMBER r quite tired got in at NUMBER v pist love pete x x x,0
great have a safe trip dont panic surrender all,0
symptoms when u are in love NUMBER u like listening songs NUMBER u get stopped where u see the name of your beloved NUMBER u won t get angry when your,0
sun ah thk mayb can if dun have anythin on thk have to book e lesson e pilates is at orchard mrt u noe hor,0
try to do something dear you read something for exams,0
NUMBER wonders in my world NUMBER th you NUMBER th ur style NUMBER th ur smile NUMBER th ur personality NUMBER rd ur nature NUMBER nd ur sms and NUMBER st ur lovely friendship good morning dear,0
gettin rdy to ship comp,0
i am in hospital da i will return home in evening,0
piss is talking is someone that realise u that point this at is it now read it backwards,0
think da you wil do,0
i m awake oh what s up,0
good afternoon my boytoy how goes that walking here and there day did you get that police abstract are you still out and about i wake and miss you babe,0
how much u trying to get,0
come around lt decimal gt pm vikky i m otside nw il come by tht time,0
tell me again what your address is,0
honeybee said i m d sweetest in d world god laughed amp said wait u havnt met d person reading this msg moral even god can crack jokes gm gn ge gn,0
should i buy him a blackberry bold NUMBER or torch should i buy him new or used let me know plus are you saying i should buy the lt gt g wifi ipad and what are you saying about the about the lt gt g,0
but you were together so you should be thinkin about him,0
hiya hows it going in sunny africa hope u r avin a good time give that big old silver back a big kiss from me,0
at what time should i come tomorrow,0
wanna have a laugh try chit chat on your mobile now logon by txting the word chat and send it to no NUMBER cm po box NUMBER london w NUMBER a NUMBER zf NUMBER NUMBER p msg rcvd,1
cha quiteamuzing that scool babe probpop in cu satthen hunny NUMBER brekkie love jen xxx psxtra lrg portions NUMBER me please,0
omg how did u know what i ate,0
urgent this is the NUMBER nd attempt to contact u u have won NUMBER call NUMBER b NUMBER NUMBER t csbcm NUMBER wc NUMBER n NUMBER xx callcost NUMBER ppmmobilesvary max NUMBER NUMBER,1
but your not here,0
not directly behind abt NUMBER rows behind,0
congratulations ur awarded NUMBER of cd vouchers or NUMBER gift guaranteed free entry NUMBER NUMBER wkly draw txt music to NUMBER,1
had your contract mobile NUMBER mnths latest motorola nokia etc all free double mins text on orange tariffs text yes for callback no to remove from records,1
urgent call NUMBER from your landline your complimentary NUMBER ibiza holiday or NUMBER NUMBER cash await collection sae t cs po box NUMBER sk NUMBER NUMBER wp NUMBER ppm NUMBER,1
no plans yet what are you doing,0
hi my engagement has been fixd on lt gt th of next month i know its really shocking bt hmm njan vilikkam t ws al of a sudn,0
not course only maths one day one chapter with in one month we can finish,0
wow didn t think it was that common i take it all back ur not a freak unless u chop it off,0
for ur chance to win a NUMBER wkly shopping spree txt shop to NUMBER t s c s URL custcare NUMBER NUMBER x NUMBER p wk,1
noooooooo please last thing i need is stress for once in your life be fair,0
u have a secret admirer who is looking NUMBER make contact with u find out who they r reveal who thinks ur so special call on NUMBER stopsms NUMBER ppm,1
mila age NUMBER blonde new in uk i look sex with uk guys if u like fun with me text mtalk to NUMBER NUMBER NUMBER pp txt NUMBER st NUMBER free NUMBER NUMBER increments help NUMBER,1
i ll see if i can swing by in a bit got some things to take care of here firsg,0
i wanted to wish you a happy new year and i wanted to talk to you about some legal advice to do with when gary and i split but in person i ll make a trip to ptbo for that i hope everything is good with you babe and i love ya,0
have you not finished work yet or something,0
tomorrow i am not going to theatre so i can come wherever u call me tell me where and when to come tomorrow,0
well done england get the official poly ringtone or colour flag on yer mobile text tone or flag to NUMBER now opt out txt eng stop box NUMBER w NUMBER wx NUMBER NUMBER,1
right it wasnt you who phoned it was someone with a number like yours,0
it s ok i wun b angry msg u aft i come home tonight,0
i had a good time too its nice to do something a bit different with my weekends for a change see ya soon,0
yo sorry was in the shower sup,0
carlos is down but i have to pick it up from him so i ll swing by usf in a little bit,0
full heat pa i have applyed oil pa,0
i m stuck in da middle of da row on da right hand side of da lt,0
have you laid your airtel line to rest,0
hi did u decide wot NUMBER get NUMBER his bday if not ill prob jus get him a voucher frm virgin or sumfing,0
freemsg txt call to no NUMBER claim your reward of NUMBER hours talk time to use from your phone now subscribe NUMBER gbp mnth inc NUMBER hrs NUMBER stop txtstop,1
hey j r u feeling any better hopeso hunny i amnow feelin ill ithink i may have tonsolitusaswell damn iam layin in bedreal bored lotsof luv me xxxx,0
and i don t plan on staying the night but i prolly won t be back til late,0
thanx NUMBER puttin da fone down on me,0
i need an NUMBER th but i m off campus atm could i pick up in an hour or two,0
oh haha den we shld had went today too gee nvm la kaiez i dun mind goin jazz oso scared hiphop open cant catch up,0
been running but only managed NUMBER minutes and then needed oxygen might have to resort to the roller option,0
we live in the next lt gt mins,0
y de asking like this,0
just glad to be talking to you,0
wat time finish,0
sorry da i gone mad so many pending works what to do,0
how much you got for cleaning,0
hows my favourite person today r u workin hard couldn t sleep again last nite nearly rang u at NUMBER NUMBER,0
sunshine quiz win a super sony dvd recorder if you canname the capital of australia text mquiz to NUMBER b,1
called dad oredi,0
good do you think you could send me some pix i would love to see your top and bottom,0
nvm i m going to wear my sport shoes anyway i m going to be late leh,0
sorry i ll call later in meeting,0
this is a long fuckin showr,0
received understood n acted upon,0
they finally came to fix the ceiling,0
u need my presnts always bcz u cant mis love jeevithathile irulinae neekunna prakasamanu sneham prakasam ennal prabha that mns prabha is love got it dont mis me,0
jus finish blowing my hair u finish dinner already,0
i m on the bus love you,0
lol i knew that i saw him in the dollar store,0
please call our customer service representative on NUMBER NUMBER NUMBER between NUMBER am NUMBER pm as you have won a guaranteed NUMBER cash or NUMBER prize,1
todays voda numbers ending with NUMBER are selected to receive a NUMBER reward if you have a match please call NUMBER quoting claim code NUMBER standard rates apply,1
only saturday and sunday holiday so its very difficult,0
everybody had fun this evening miss you,0
got hella gas money want to go on a grand nature adventure with galileo in a little bit,0
i m in a meeting call me later at,0
oh wow thats gay will firmware update help,0
these won t do have to move on to morphine,0
how come i din c yup i cut my hair,0
k k pa had your lunch aha,0
oh ho is this the first time u use these type of words,0
captain vijaykanth is doing comedy in captain tv he is drunken,0
of course i guess god s just got me on hold right now,0
do you hide anythiing or keeping distance from me,0
havent,0
you are being ripped off get your mobile content from URL call NUMBER poly true pix ringtones games six downloads for only NUMBER,1
sorry i din lock my keypad,0
did u got that persons story,0
are you planning to come chennai,0
we tried to contact you re your reply to our offer of a video phone NUMBER anytime any network mins half price line rental camcorder reply or call NUMBER,1
god created gap btwn ur fingers so dat sum NUMBER vry special will fill those gaps by holding ur hands now plz dont ask y he created so much gap between legs,0
we are okay going to sleep now later,0
please protect yourself from e threats sib never asks for sensitive information like passwords atm sms pin thru email never share your password with anybody,0
finally it has happened aftr decades beer is now cheaper than petrol the goverment expects us to drink but don t drive,0
a NUMBER xmas reward is waiting for you our computer has randomly picked you from our loyal mobile customers to receive a NUMBER reward just call NUMBER,1
where r e meeting tmr,0
lol yes but it will add some spice to your day,0
hope you are having a great day,0
our prasanth ettans mother passed away last night just pray for her and family,0
k i ll work something out,0
private your NUMBER account statement for shows NUMBER un redeemed s i m points call NUMBER identifier code NUMBER expires NUMBER NUMBER NUMBER,1
this message is from a great doctor in india NUMBER do not drink appy fizz it contains cancer causing age,0
i cant pick the phone right now pls send a message,0
you call him and tell now infront of them call him now,0
ok no prob,0
ladies first and genus second k,0
no yes please been swimming,0
mum not going robinson already,0
ok set let u noe e details later,0
not tel software name,0
i send the print outs da,0
im realy soz imat my mums NUMBER nite what about NUMBER moro,0
when i was born god said oh no another idiot when you were born god said oh no competition who knew one day these two will become freinds forever,0
i didnt get ur full msg sometext is missing send it again,0
probably not i m almost out of gas and i get some cash tomorrow,0
customer service announcement we recently tried to make a delivery to you but were unable to do so please call NUMBER to re schedule ref NUMBER,1
i forgot NUMBER ask all smth there s a card on da present lei how all want NUMBER write smth or sign on it,0
i m leaving my house now,0
hi babe its chloe how r u i was smashed on saturday night it was great how was your weekend u been missing me sp visionsms com text stop to stop NUMBER p text,1
ready then call me,0
wewa is NUMBER iriver NUMBER all NUMBER mb,0
it is a good thing i m now getting the connection to bw,0
sry da jst nw only i came to home,0
that s cool he ll be here all night lemme know when you re around,0
are you staying in town,0
haha yeah NUMBER oz is kind of a shitload,0
ok u can take me shopping when u get paid d,0
my life means a lot to me not because i love my life but because i love the people in my life the world calls them friends i call them my world ge,0
alright we ll bring it to you see you in like lt gt mins,0
but pls dont play in others life,0
eatin my lunch,0
hmmm but you should give it on one day,0
didn t try g and i decided not to head out,0
ok no prob,0
surly ill give it to you while coming to review,0
by march ending i should be ready but will call you for sure the problem is that my capital never complete how far with you how s work and the ladies,0
tessy pls do me a favor pls convey my birthday wishes to nimya pls dnt forget it today is her birthday shijas,0
pls give her the food preferably pap very slowly with loads of sugar you can take up to an hour to give it and then some water very very slowly,0
urgent your mobile no NUMBER was awarded a NUMBER NUMBER bonus caller prize on NUMBER NUMBER NUMBER this is our NUMBER nd attempt to contact you call NUMBER NUMBER NUMBER box NUMBER qu,1
a guy who gets used but is too dumb to realize it,0
okey dokey i ll be over in a bit just sorting some stuff out,0
don no da whats you plan,0
yes fine,0
win we have a winner mr t foley won an ipod more exciting prizes soon so keep an eye on ur mobile or visit URL,1
i liked the new mobile,0
anytime,0
mmmmmmm snuggles into you deep contented sigh whispers i fucking love you so much i can barely stand it,0
yar but they say got some error,0
hey anyway i have to,0
wow so healthy old airport rd lor cant thk of anything else but i ll b bathing my dog later,0
wif my family booking tour package,0
did you say bold then torch later or one torch and NUMBER bold,0
haha awesome i might need to take you up on that what you doin tonight,0
ya i knw u vl giv its ok thanks kano anyway enjoy wit ur family wit NUMBER st salary,0
huh so slow i tot u reach long ago liao u NUMBER more days only i NUMBER more leh,0
thats cool princess i will cover your face in hot sticky cum,0
big brother s really scraped the barrel with this shower of social misfits,0
oops i thk i dun haf enuff i go check then tell,0
s NUMBER min to go for lunch,0
hey what happened u switch off ur cell d whole day this isnt good now if u do care give me a call tomorrow,0
k will do addie amp i are doing some art so i ll be here when you get home,0
my uncles in atlanta wish you guys a great semester,0
aiyo her lesson so early i m still sleepin haha okie u go home liao den confirm w me lor,0
forgot to tell smth can like number the sections so that it s clearer,0
yup anything lor if u dun wan it s ok,0
i m home my love if your still awake loving kiss,0
hello peach my cake tasts lush,0
free game get rayman golf NUMBER free from the o NUMBER games arcade NUMBER st get ur games settings reply post then save activ NUMBER press NUMBER key for arcade termsapply,1
there ll be a minor shindig at my place later tonight you interested,0
jason says it s cool if we pick some up from his place in like an hour,0
had your mobile NUMBER mths update to the latest camera video phones for free keep ur same number get extra free mins texts text yes for a call,1
i career tel have added u as a contact on indyarocks com to send free sms to remove from phonebook sms no to lt gt,0
i ve reached already,0
i dont know ask to my brother nothing problem some thing that just i told,0
k eng rocking in ashes,0
wat time r going to xin s hostel,0
good morning my dear shijutta have a great amp successful day,0
buy space invaders NUMBER a chance NUMBER win orig arcade game console press NUMBER for games arcade std wap charge see o NUMBER co uk games NUMBER terms settings no purchase,1
oh k after that placement there ah,0
not for possession especially not first offense,0
nt only for driving even for many reasons she is called bbd thts it chikku then hw abt dvg cold heard tht vinobanagar violence hw is the condition and hw ru any problem,0
i bought the test yesterday its something that lets you know the exact day u ovulate when will get NUMBER u in about NUMBER to NUMBER wks but pls pls dont fret i know u r worried pls relax also is there anything in ur past history u need to tell me,0
we have pizza if u want,0
i keep seeing weird shit and bein all woah then realising it s actually reasonable and i m all oh,0
many more happy returns of the day i wish you happy birthday,0
ya very nice be ready on thursday,0
i am in hospital da i will return home in evening,0
thinking of u x,0
camera you are awarded a sipix digital camera call NUMBER fromm landline delivery within NUMBER days,1
orh i tot u say she now still dun believe,0
when you just put in the sign choose my number and the pin will show right,0
the beauty of life is in next second which hides thousands of secrets i wish every second will be wonderful in ur life gud n NUMBER,0
thanx u darlin im cool thanx a few bday drinks NUMBER nite NUMBER morrow off take care c u soon xxx,0
if you re still up maybe leave the credit card so i can get gas when i get back like he told me to,0
your weekly cool mob tones are ready to download this weeks new tones include NUMBER crazy frog axel f NUMBER akon lonely NUMBER black eyed dont p more info in n,1
well boy am i glad g wasted all night at applebees for nothing,0
cashbin co uk get lots of cash this weekend URL dear welcome to the weekend we have got our biggest and best ever cash give away these,1
ok lor or u wan me go look NUMBER u,0
u wan NUMBER haf lunch i m in da canteen now,0
don t make life too stressfull always find time to laugh it may not add years to your life but surely adds more life to ur years gud ni NUMBER swt dreams,0
hey looks like i was wrong and one of the kappa guys numbers is still on my phone if you want i can text him and see if he s around,0
urgent your mobile number has been awarded with a NUMBER prize guaranteed call NUMBER from land line claim NUMBER valid NUMBER hrs only NUMBER ppm,1
thanks NUMBER your continued support your question this week will enter u in NUMBER our draw NUMBER NUMBER cash name the new us president txt ans to NUMBER,1
i m home doc gave me pain meds says everything is fine,0
it s only NUMBER ard rest all ard NUMBER at least which is price NUMBER NUMBER bedrm NUMBER,0
me too have a lovely night xxx,0
prepare to be pleasured,0
hi technical support providing assistance to us customer through call and email,0
if you text on your way to cup stop that should work and that should be bus,0
whens your radio show,0
your unique user id is NUMBER for removal send stop to NUMBER customer services NUMBER,1
i m not sure if its still available though,0
watever relation u built up in dis world only thing which remains atlast iz lonlines with lotz n lot memories feeling,0
cheers lou yeah was a goodnite shame u neva came c ya gailxx,0
hi i got the money da,0
hi mobile no lt gt has added you in their contact list on URL it s a great place to send free sms to people for more visit fullonsms com,0
ok then u tell me wat time u coming later lor,0
u repeat e instructions again wat s e road name of ur house,0
so many people seems to be special at first sight but only very few will remain special to you till your last sight maintain them till life ends sh jas,0
quite lor but dun tell him wait he get complacent,0
sorry completely forgot will pop em round this week if your still here,0
u r the most beautiful girl ive ever seen u r my baby come and c me in the common room,0
o we cant see if we can join denis and mina or does denis want alone time,0
sen told that he is going to join his uncle finance in cbe,0
yup hey then one day on fri we can ask miwa and jiayin take leave go karaoke,0
call me i am senthil from hsbc,0
especially since i talk about boston all up in my personal statement lol i woulda changed that if i had realized it said nyc it says boston now,0
indeed and by the way it was either or not both,0
urgent call NUMBER from landline your complimentary NUMBER ibiza holiday or NUMBER NUMBER cash await collection sae t cs po box NUMBER sk NUMBER NUMBER wp NUMBER ppm NUMBER,1
holy living christ what is taking you so long,0
thk of wat to eat tonight,0
thanx yup we coming back on sun finish dinner going back NUMBER hotel now time flies we re tog NUMBER exactly a mth today hope we ll haf many more mths to come,0
we re on the opposite side from where we dropped you off,0
yup izzit still raining heavily cos i m in e mrt i can t c outside,0
send me your resume,0
gd luck NUMBER ur exams,0
or u ask they all if next sat can a not if all of them can make it then i m ok lor,0
sorry that was my uncle i ll keep in touch,0
saw guys and dolls last night with patrick swayze it was great,0
urgent this is our NUMBER nd attempt to contact u your NUMBER prize from yesterday is still awaiting collection to claim call now NUMBER,1
santa calling would your little ones like a call from santa xmas eve call NUMBER to book you time calls NUMBER NUMBER ppm last NUMBER mins NUMBER s t c URL,1
just come home i don t want u to be miserable,0
i dont know why she s not getting your messages,0
its cool but tyler had to take off so we re gonna buy for him and drop it off at his place later tonight our total order is a quarter you got enough,0
the guy at the car shop who was flirting with me got my phone number from the paperwork and called and texted me i m nervous because of course now he may have my address should i call his boss and tell him knowing this may get him fired,0
reverse is cheating that is not mathematics,0
how do you plan to manage that,0
er hello things didn t quite go to plan is limping slowly home followed by aa and with exhaust hanging off,0
sorry for the delay yes masters,0
call me when u finish then i come n pick u,0
private your NUMBER account statement for NUMBER NUMBER shows NUMBER unredeemed bonus points to claim call NUMBER identifier code NUMBER expires NUMBER NUMBER NUMBER,1
what s up my own oga left my phone at home and just saw ur messages hope you are good have a great weekend,0
don t worry though i understand how important it is that i be put in my place with a poorly thought out punishment in the face of the worst thing that has ever happened to me brb gonna go kill myself,0
honey can you pls find out how much they sell predicte in nigeria and how many times can it be used its very important to have a reply before monday,0
e admin building there i might b slightly earlier i ll call u when i m reaching,0
fyi i m at usf now swing by the room whenever,0
i can call in lt gt min if thats ok,0
ummmmmaah many many happy returns of d day my dear sweet heart happy birthday dear,0
no home work to do meh,0
anything is valuable in only NUMBER situations first before getting it second after loosing it,0
me too mark is taking forever to pick up my prescription and the pain is coming back,0
how s ur paper,0
got smaller capacity one quite ex,0
check out choose your babe videos sms shsex netun fgkslpopw fgkslpo,1
im good i have been thinking about you,0
u r a winner u ave been specially selected NUMBER receive NUMBER cash or a NUMBER holiday flights inc speak to a live operator NUMBER claim NUMBER p min NUMBER,1
,0
not thought bout it drink in tap spile at seven is that pub on gas st off broad st by canal ok,0
i am going to sleep i am tired of travel,0
haha just what i was thinkin,0
yup but it s not giving me problems now so mayb i ll jus leave it,0
lol no just trying to make your day a little more interesting,0
how long before you get reply just defer admission til next semester,0
the word checkmate in chess comes from the persian phrase shah maat which means the king is dead goodmorning have a good day,0
po de no need job aha,0
rats hey did u ever vote for the next themes,0
new mobiles from NUMBER must go txt nokia to no NUMBER collect yours today from only NUMBER URL NUMBER optout NUMBER NUMBER gbp mtmsg NUMBER txtauction,1
i hope your pee burns tonite,0
oh rite well im with my best mate pete who i went out with NUMBER a week now were NUMBER geva again its been longer than a week,0
yay can t wait to party together,0
photoshop makes my computer shut down,0
all boys made fun of me today ok i have no problem i just sent one message just for fun,0
that s one of the issues but california is okay no snow so its manageable,0
private your NUMBER account statement for shows NUMBER un redeemed s i m points call NUMBER identifier code NUMBER expires NUMBER NUMBER NUMBER,1
hmmm mayb can try e shoppin area one but forgot e name of hotel,0
awesome that gonna be soon or later tonight,0
i need details about that online job,0
you have won as a valued vodafone customer our computer has picked you to win a NUMBER prize to collect is easy just call NUMBER,1
missing you too pray inshah allah,0
pls help me tell ashley that i cant find her number oh,0
i am in escape theatre now going to watch kavalan in a few minutes,0
s this will increase the chance of winning,0
either way works for me i am lt gt years old hope that doesnt bother you,0
maybe you should find something else to do instead,0
gain the rights of a wife dont demand it i am trying as husband too lets see,0
i liked your new house,0
i m fine hope you are also,0
also north carolina and texas atm you would just go to the gre site and pay for the test results to be sent,0
same to u,0
yes baby i need to stretch open your pussy,0
thanks and or bomb and date as my phone wanted to say,0
ok,0
hey a guy i know is breathing down my neck to get him some bud anyway you d be able to get a half track to usf tonight,0
response is one of d powerful weapon NUMBER occupy a place in others heart so always give response NUMBER who cares NUMBER u gud night swt dreams take care,0
nokia phone is lovly,0
free message thanks for using the auction subscription service NUMBER NUMBER p msgrcvd NUMBER skip an auction txt out NUMBER unsubscribe txt stop customercare NUMBER,1
bored housewives chat n date now NUMBER NUMBER NUMBER bt national rate NUMBER p min only from landlines,1
sorry da today i wont come to play i have driving clas,0
i m really sorry i lit your hair on fire,0
oh shit i thought that was your trip loooooool that just makes so much more sense now grins and the sofa reference was the sleep on a couch link you sent me wasn t that how you went on your trip oh and didn t your babe go with you for that celebration with your rents,0
okey dokey swashbuckling stuff what oh,0
watching cartoon listening music amp at eve had to go temple amp church what about u,0
NUMBER tension face NUMBER smiling face NUMBER waste face NUMBER innocent face NUMBER terror face NUMBER cruel face NUMBER romantic face NUMBER lovable face NUMBER decent face lt gt joker face,0
dip s cell dead so i m coming with him u better respond else we shall come back,0
well you know what i mean texting,0
hi dis is yijue i would be happy to work wif all for gek NUMBER,0
lol oops sorry have fun,0
wat happened to the cruise thing,0
i know dat feelin had it with pete wuld get with em nuther place nuther time mayb,0
lyricalladie NUMBER f is inviting you to be her friend reply yes NUMBER or no NUMBER see her URL stop send stop frnd to NUMBER,1
the world s most happiest frnds never have the same characters dey just have the best understanding of their differences,0
no NUMBER polyphonic tone NUMBER ur mob every week just txt pt NUMBER to NUMBER NUMBER st tone free so get txtin now and tell ur friends NUMBER p tone NUMBER reply hl NUMBER info,1
yeah just open chat and click friend lists then make the list easy as pie,0
alright tyler s got a minor crisis and has to be home sooner than he thought so be here asap,0
when where do i pick you up,0
as usual u can call me ard NUMBER smth,0
new theory argument wins d situation but loses the person so dont argue with ur friends just kick them amp say i m always correct,0
for many things its an antibiotic and it can be used for chest abdomen and gynae infections even bone infections,0
poor girl can t go one day lmao,0
or just do that NUMBER times,0
todays vodafone numbers ending with NUMBER are selected to a receive a NUMBER award if your number matches call NUMBER to receive your NUMBER award,1
you have to pls make a note of all she s exposed to also find out from her school if anyone else was vomiting is there a dog or cat in the house let me know later,0
japanese proverb if one can do it u too can do it if none can do it u must do it indian version if one can do it let him do it if none can do it leave it and finally kerala version if one can do it stop him doing it if none can do it make a strike against it,0
sounds like there could be a lot of time spent in that chastity device boy grins or take your beatings like a good dog going to lounge in a nice long bath now,0
its worse if if uses half way then stops its better for him to complete it,0
miserable they don t tell u that the side effects of birth control are massive gut wrenching cramps for the first NUMBER months i didn t sleep at all last night,0
send me the new number,0
convey my regards to him,0
want the latest video handset NUMBER anytime any network mins half price line rental reply or call NUMBER for delivery tomorrow,1
NUMBER and half years i missed your friendship,0
i cant pick the phone right now pls send a message,0
oh for fuck s sake she s in like tallahassee,0
haha that was the first person i was gonna ask,0
ou are guaranteed the latest nokia phone a NUMBER gb ipod mp NUMBER player or a NUMBER prize txt word collect to no NUMBER ibhltd ldnw NUMBER h NUMBER p mtmsgrcvd NUMBER,1
taka lor wat time u wan NUMBER come n look NUMBER us,0
free polyphonic ringtone text super to NUMBER to get your free poly tone of the week now NUMBER sn pobox NUMBER nr NUMBER NUMBER zs subscription NUMBER pw,1
i m reaching in another NUMBER stops,0
no i didn t mean to post it i wrote it and like so many other times i ve ritten stuff to you i let it sit there it was what i was feeling at the time i was angry before i left i hit send then stop it wasn t there i checked on my phone when i got to my car it wasn t there you said you didn t sleep you were bored so why wouldn t that be the time to clean fold laundry etc at least make the bed,0
warner village NUMBER c colin farrell in swat this wkend warner village get NUMBER free med popcorn just show msg ticket kiosk valid NUMBER NUMBER NUMBER c t c kiosk reply sony NUMBER mre film offers,1
will you come online today night,0
then anything special,0
i m in solihull do you want anything,0
will do have a good day,0
we regret to inform u that the nhs has made a mistake u were never actually born please report NUMBER yor local hospital NUMBER b terminated we r sorry NUMBER the inconvenience,0
love that holiday monday feeling even if i have to go to the dentists in an hour,0
i am on the way to tirupur,0
goal arsenal NUMBER henry NUMBER v liverpool NUMBER henry scores with a simple shot from NUMBER yards from a pass by bergkamp to give arsenal a NUMBER goal margin after NUMBER mins,1
you ve already got a flaky parent it snot supposed to be the child s job to support the parent not until they re the ride age anyway i m supposed to be there to support you and now i ve hurt you unintentional but hurt nonetheless,0
we took hooch for a walk toaday and i fell over splat grazed my knees and everything should have stayed at home see you tomorrow,0
just dropped em off omw back now,0
this is the NUMBER nd time we have tried NUMBER contact u u have won the NUMBER pound prize NUMBER claim is easy call NUMBER now only NUMBER p per min bt national rate,1
sitting in mu waiting for everyone to get out of my suite so i can take a shower,0
re your call you didn t see my facebook huh,0
g says you never answer your texts confirm deny,0
its so common hearin how r u wat r u doing how was ur day so let me ask u something different did u smile today if not do it now gud evng,0
hi dear call me its urgnt i don t know whats your problem you don t want to work or if you have any other problem at least tell me wating for your reply,0
oh yah we never cancel leh haha,0
we can go NUMBER e normal pilates after our intro,0
ok let u noe when i leave my house,0
oh yes why is it like torture watching england,0
wanna do some art d,0
just hopeing that wasn t too pissed up to remember and has gone off to his sisters or something,0
got what it takes NUMBER take part in the wrc rally in oz u can with lucozade energy text rally le to NUMBER NUMBER p see packs or lucozade co uk wrc itcould be u,1
hi the sexychat girls are waiting for you to text them text now for a great night chatting send stop to stop this service,1
good morning my boytoy how s those yummy lips where s my sexy buns now what do you do do you think of me do you crave me do you need me,0
match started india lt gt for NUMBER,0
once free call me sir,0
hey do you want anything to buy,0
hey babe how s it going did you ever figure out where your going for new years,0
k k congratulation,0
g wants to know where the fuck you are,0
no it was cancelled yeah baby well that sounds important so i understand my darlin give me a ring later on this fone love kate x,0
tomarrow i want to got to court at lt decimal gt so you come to bus stand at NUMBER,0
go home liao ask dad to pick me up at NUMBER,0
omg you can make a wedding chapel in frontierville why do they get all the good stuff,0
i m eatin now lor but goin back to work soon e mountain deer show huh i watch b NUMBER liao very nice,0
check mail i have mailed varma and kept copy to you regarding membership take care insha allah,0
wrong phone this phone i answer this one but assume the other is people i don t well,0
anyway i don t think i can secure anything up here lemme know if you want me to drive down south and chill,0
i m already back home so no probably not,0
great news call freefone NUMBER to claim your guaranteed NUMBER cash or NUMBER gift speak to a live operator now,1
hi this is amy we will be sending you a free phone number in a couple of days which will give you an access to all the adult parties,1
i am in bus on the way to calicut,0
hi its me you are probably having too much fun to get this message but i thought id txt u cos im bored and james has been farting at me all night,0
hi baby im sat on the bloody bus at the mo and i wont be home until about NUMBER NUMBER wanna do somethin later call me later ortxt back jess xx,0
welcome to select an o NUMBER service with added benefits you can now call our specially trained advisors free from your mobile by dialling NUMBER,1
i lost NUMBER pounds since my doc visit last week woot woot now i m gonna celebrate by stuffing my face,0
u coming back NUMBER dinner rite dad ask me so i re confirm wif u,0
doing my masters when will you buy a bb cos i have for sale and how s bf,0
ahhhh just woken up had a bad dream about u tho so i dont like u right now i didnt know anything about comedy night but i guess im up for it,0
i m vivek i got call from your number,0
why didn t u call on your lunch,0
what i mean was i left too early to check cos i m working a NUMBER NUMBER,0
i want lt gt rs da do you have it,0
a bit of ur smile is my hppnss a drop of ur tear is my sorrow a part of ur heart is my life a heart like mine wil care for u forevr as my goodfriend,0
yup ok,0
i want to see your pretty pussy,0
dear voucher holder have your next meal on us use the following link on your pc NUMBER enjoy a NUMBER NUMBER NUMBER dining experience URL,1
a few people are at the game i m at the mall with iouri and kaila,0
urgent we are trying to contact u todays draw shows that you have won a NUMBER prize guaranteed call NUMBER from land line claim NUMBER valid NUMBER hrs only,1
you can donate NUMBER NUMBER to unicef s asian tsunami disaster support fund by texting donate to NUMBER NUMBER NUMBER will be added to your next bill,1
future is not what we planned for tomorrow it is the result of what we do today do the best in present enjoy the future,0
i will cme i want to go to hos NUMBER morow after that i wil cme this what i got from her dear what to do she didnt say any time,0
we are supposed to meet to discuss abt our trip thought xuhui told you in the afternoon thought we can go for lesson after that,0
hey come online use msn we are all there,0
i m fine hope you are good do take care,0
oops i was in the shower when u called hey a parking garage collapsed at university hospital see i m not crazy stuff like that does happen,0
aiyo u so poor thing then u dun wan NUMBER eat u bathe already,0
yar i tot u knew dis would happen long ago already,0
you are gorgeous keep those pix cumming thank you,0
a boy was late NUMBER home his father power of frndship,0
jade its paul y didn t u txt me do u remember me from barmed i want NUMBER talk NUMBER u txt me,0
spending new years with my brother and his family lets plan to meet next week are you ready to be spoiled,0
so what u doing today,0
i said its okay sorry,0
slept i thinkthis time lt gt pm is not dangerous,0
networking job is there,0
goldviking NUMBER m is inviting you to be his friend reply yes NUMBER or no NUMBER see him URL stop send stop frnd to NUMBER,1
dont let studying stress you out l NUMBER r,0
that s y u haf NUMBER keep me busy,0
no rushing i m not working i m in school so if we rush we go hungry,0
which channel,0
so your telling me i coulda been your real valentine and i wasn t u never pick me for nothing,0
phony NUMBER award todays voda numbers ending xxxx are selected to receive a NUMBER award if you have a match please call NUMBER quoting claim code NUMBER standard rates app,1
we made it eta at taunton is NUMBER NUMBER as planned hope that s still okday good to see you xx,0
i m hungry buy smth home,0
hey kate hope ur ok will give u a buz wedlunch go outsomewhere NUMBER adrink in town cud go NUMBER watershd NUMBER a bit ppl fromwrk will bthere love petexxx,0
my drive can only be read i need to write,0
just looked it up and addie goes back monday sucks to be her,0
happy new year hope you are having a good semester,0
esplanade lor where else,0
can you talk with me,0
hmph go head big baller,0
well its not like you actually called someone a punto that woulda been worse,0
nope since ayo travelled he has forgotten his guy,0
you still around looking to pick up later,0
cds NUMBER u congratulations ur awarded NUMBER of cd gift vouchers or NUMBER gift guaranteed freeentry NUMBER NUMBER wkly draw xt music to NUMBER tncs URL,1
there s someone here that has a year lt gt toyota camry like mr olayiwola s own mileage is lt gt k its clean but i need to know how much will it sell for if i can raise the dough for it how soon after landing will it sell holla back,0
guess which pub im in im as happy as a pig in clover or whatever the saying is,0
ill b down soon,0
oh k i will come tomorrow,0
go fool dont cheat others ok,0
my mobile number pls sms ur mail id convey regards to achan amma rakhesh qatar,0
by the way rencontre is to meet again mountains dont,0
you have won a guaranteed NUMBER cash or a NUMBER prize to claim yr prize call our customer service representative on NUMBER between NUMBER am NUMBER pm cost NUMBER p,1
u attend ur driving lesson how many times a wk n which day,0
uncle g just checking up on you do have a rewarding month,0
hello boytoy geeee i m missing you today i like to send you a tm and remind you i m thinking of you and you are loved loving kiss,0
i think the other two still need to get cash but we can def be ready by NUMBER,0
hey gals u all wanna meet NUMBER dinner at n te,0
dear NUMBER xxxxxxx u ve been invited to xchat this is our final attempt to contact u txt chat to NUMBER NUMBER p msgrcvdhg suite NUMBER NUMBER lands row w NUMBER j NUMBER hl ldn NUMBER yrs,1
babe what are you doing where are you who are you talking to do you think of me are you being a good boy are you missing me do you love me,0
great how is the office today,0
it s cool we can last a little while getting more any time soon,0
sad puppy noise,0
yes its possible but dint try pls dont tell to any one k,0
anyway holla at me whenever you re around because i need an excuse to go creep on people in sarasota,0
where you what happen,0
i was gonna ask you lol but i think its at NUMBER,0
ur cash balance is currently NUMBER pounds to maximize ur cash in now send go to NUMBER only NUMBER p meg cc NUMBER hg suite NUMBER NUMBER lands row w NUMBER j NUMBER hl,1
private your NUMBER account statement for shows NUMBER un redeemed s i m points call NUMBER identifier code NUMBER xx NUMBER expires NUMBER NUMBER NUMBER,1
go chase after her and run her over while she s crossing the street,0
i d like to tell you my deepest darkest fantasies call me NUMBER just NUMBER p min to stop texts call NUMBER nat rate,1
is there coming friday is leave for pongal do you get any news from your work place,0
hey very inconvenient for your sis a not huh,0
ok i vl do u know i got adsense approved,0
was really good to see you the other day dudette been missing you,0
i want to go to perumbavoor,0
how many times i told in the stage all use to laugh you not listen aha,0
you won t believe it but it s true it s incredible txts reply g now to learn truly amazing things that will blow your mind from o NUMBER fwd only NUMBER p txt,1
you didn t hear it from me,0
thanks for being there for me just to talk to on saturday you are very dear to me i cherish having you as a brother and role model,0
pls clarify back if an open return ticket that i have can be preponed for me to go back to kerala,0
natalie NUMBER f is inviting you to be her friend reply yes NUMBER or no NUMBER see her URL stop send stop frnd to NUMBER,1
she ran off with a younger man we will make pretty babies together,0
jamster to get your free wallpaper text heart to NUMBER now t c apply NUMBER only need help call NUMBER,1
o ic lol should play NUMBER doors sometime yo,0
dunno my dad said he coming home NUMBER bring us out NUMBER lunch yup i go w u lor i call u when i reach school lor,0
we have sent jd for customer service cum accounts executive to ur mail id for details contact us,0
desires u going to doctor NUMBER liver and get a bit stylish get ur hair managed thats it,0
hmmm still we dont have opener,0
yeah so basically any time next week you can get away from your mom amp get up before NUMBER,0
edison has rightly said a fool can ask more questions than a wise man can answer now you know why all of us are speechless during viva gm gn ge gnt,0
i will vote for wherever my heart guides me,0
with my sis lor we juz watched italian job,0
tick tick tick where are you i could die of loneliness you know pouts stomps feet i need you,0
lmao you know me so well,0
double mins double txt NUMBER NUMBER price linerental on latest orange bluetooth mobiles call mobileupd NUMBER for the very latest offers NUMBER or call NUMBER optout lf NUMBER,1
am on a train back from northampton so i m afraid not i m staying skyving off today ho ho will be around wednesday though do you fancy the comedy club this week by the way,0
goodnight da thangam i really miss u dear,0
hey next sun NUMBER there s a basic yoga course at bugis we can go for that pilates intro next sat tell me what time you r free,0
geeeee your internet is really bad today eh,0
free video camera phones with half price line rental for NUMBER mths and NUMBER cross ntwk mins NUMBER txts call mobileupd NUMBER NUMBER or call NUMBER optout NUMBER,1
i think i am disturbing her da,0
sorry i ll call you later i am in meeting sir,0
havent stuck at orchard in my dad s car going NUMBER dinner now u leh so r they free tonight,0
ok i also wan NUMBER watch e NUMBER pm show,0
i dunno lei like dun haf,0
but your brother transfered only lt gt lt gt pa,0
i calls you later afternoon onwords mtnl service get problem in south mumbai i can hear you but you cann t listen me,0
NUMBER NUMBER NUMBER uk break accommodationvouchers terms conditions apply NUMBER claim you mustprovide your claim number which is NUMBER,1
talk to g and x about that,0
hai dear friends this is my new amp present number by rajitha raj ranju,0
NUMBER p NUMBER alfie moon s children in need song on ur mob tell ur m NUMBER s txt tone charity to NUMBER for nokias or poly charity for polys zed NUMBER profit NUMBER charity,1
as in different styles,0
win a NUMBER shopping spree every week starting now NUMBER play text store to NUMBER skilgme tscs NUMBER NUMBER winawk age NUMBER NUMBER NUMBER perweeksub,1
gud ni NUMBER dear slp well take care swt dreams muah,0
i want to sent lt gt mesages today thats y sorry if i hurts,0
this is the NUMBER nd attempt to contract u you have won this weeks top prize of either NUMBER cash or NUMBER prize just call NUMBER,1
well i m glad you didn t find it totally disagreeable lol,0
guy no flash me now if you go call me call me how madam take care oh,0
do you want a new nokia NUMBER i colour phone deliveredtomorrow with NUMBER free minutes to any mobile NUMBER free texts free camcorder reply or call NUMBER,1
mark works tomorrow he gets out at NUMBER his work is by your house so he can meet u afterwards,0
keep ur problems in ur heart b coz nobody will fight for u only u amp u have to fight for ur self amp win the battle vivekanand g NUMBER t sd ham yeah give me a call if you ve got a minute ham hi babe uawake feellikw shit justfound out via aletter thatmum gotmarried NUMBER thnov behind ourbacks fuckinnice selfish deviousbitch anyway i l call u,0
amazing if you rearrange these letters it gives the same meaning dormitory dirty room astronomer moon starer the eyes they see election results lies lets recount mother in law woman hitler eleven plus two twelve plus one its amazing,0
aiya we discuss later lar pick up at NUMBER is it,0
hey happy birthday,0
sorry i missed your call can you please call back,0
omg if its not one thing its another my cat has worms when does this bad day end,0
good morning im suffering from fever and dysentry will not be able to come to office today,0
i wont do anything de,0
what type of stuff do you sing,0
st andre virgil s cream,0
no no i will check all rooms befor activities,0
my fri ah okie lor goin NUMBER my drivin den go shoppin after tt,0
gokila is talking with you aha,0
hi shanil rakhesh here thanks i have exchanged the uncut diamond stuff leaving back excellent service by dino and prem,0
k k this month kotees birthday know,0
but i m really really broke oh no amount is too small even lt gt,0
sorry about that this is my mates phone and i didnt write it love kate,0
themob hit the link to get a premium pink panther game the new no NUMBER from sugababes a crazy zebra animation or a badass hoody wallpaper all NUMBER free,1
ah well that confuses things doesnt it i thought was friends with now maybe i did the wrong thing but i already sort of invited tho he may not come cos of money,0
aight call me once you re close,0
nope thats fine i might have a nap tho,0
this msg is for your mobile content order it has been resent as previous attempt failed due to network error queries to customersqueries netvision uk com,1
in other news after hassling me to get him weed for a week andres has no money haughaighgtujhyguj,0
a boy loved a gal he propsd bt she didnt mind he gv lv lttrs bt her frnds threw thm again d boy decided NUMBER aproach d gal dt time a truck was speeding towards d gal wn it was about NUMBER hit d girl d boy ran like hell n saved her she asked hw cn u run so fast d boy replied boost is d secret of my energy n instantly d girl shouted our energy n thy lived happily NUMBER gthr drinking boost evrydy moral of d story i hv free msgs d gud ni NUMBER,0
i wnt to buy a bmw car urgently its vry urgent but hv a shortage of lt gt lacs there is no source to arng dis amt lt gt lacs thats my prob,0
ding me on ya break fassyole blacko from londn,0
i really need NUMBER kiss u i miss u my baby from ur baby NUMBER eva,0
the sign of maturity is not when we start saying big things but actually it is when we start understanding small things have a nice evening bslvyl,0
oh you got many responsibilities,0
you have NUMBER new message please call NUMBER,1
i ve reached sch already,0
december only had your mobile NUMBER mths you are entitled to update to the latest colour camera mobile for free call the mobile update vco free on NUMBER,1
u definitely need a module from e humanities dis sem izzit u wan NUMBER take other modules NUMBER st,0
argh why the fuck is nobody in town,0
get NUMBER lions england tone reply lionm NUMBER mono or lionp NUMBER poly NUMBER more go NUMBER URL the original n best tones NUMBER gbp network operator rates apply,1
thanks fills me with complete calm and reassurance,0
aslamalaikkum insha allah tohar beeen muht albi mufti mahfuuz meaning same here,0
are you driving or training,0
lol for real she told my dad i have cancer,0
private your NUMBER account statement for NUMBER,1
oops i did have it lt gt,0
not enufcredeit tocall shall ileave uni at NUMBER get a bus to yor house,0
hi chikku send some nice msgs,0
he is impossible to argue with and he always treats me like his sub like he never released me which he did and i will remind him of that if necessary,0
after my work ah den NUMBER plus lor u workin oso rite den go orchard lor no other place to go liao,0
to the wonderful okors have a great month we cherish you guys and wish you well each day mojibiola,0
cuz ibored and don wanna study,0
wot about on wed nite i am NUMBER then but only til NUMBER,0
rose for red red for blood blood for heart heart for u but u for me send tis to all ur friends including me if u like me if u get back NUMBER u r poor in relation NUMBER u need some NUMBER to support NUMBER u r frnd NUMBER many NUMBER some NUMBER luvs u NUMBER some NUMBER is praying god to marry u try it,0
any way where are you and what doing,0
that sucks i ll go over so u can do my hair you ll do it free right,0
it s still not working and this time i also tried adding zeros that was the savings the checking is lt gt,0
hmm dunno leh mayb a bag NUMBER goigng out dat is not too small or jus anything except perfume smth dat i can keep,0
sday only joined so training we started today,0
sorry was at the grocers,0
there are some nice pubs near here or there is frankie n bennys near the warner cinema,0
you ve won your NUMBER costa del sol holiday or NUMBER await collection call NUMBER now toclaim sae tc s pobox NUMBER stockport sk NUMBER xh cost NUMBER NUMBER pm max NUMBER mins,1
yup i havent been there before you want to go for the yoga i can call up to book,0
oh shut it omg yesterday i had a dream that i had NUMBER kids both boys i was so pissed not only about the kids but them being boys i even told mark in my dream that he was changing diapers cause i m not getting owed in the face,0
yeah i imagine he would be really gentle unlike the other docs who treat their patients like turkeys,0
free for NUMBER st week no NUMBER nokia tone NUMBER ur mobile every week just txt nokia to NUMBER get txting and tell ur mates URL pobox NUMBER w NUMBER wq NUMBER norm NUMBER p tone,1
now that you have started dont stop just pray for more good ideas and anything i see that can help you guys i ll forward you a link,0
hi darlin im on helens fone im gonna b up the princes NUMBER nite please come up tb love kate,0
i m in office now da where are you,0
aiyar u so poor thing i give u my support k jia you i ll think of u,0
oh unintentionally not bad timing great fingers the trains play along will give fifteen min warning,0
get your garden ready for summer with a free selection of summer bulbs and seeds worth NUMBER NUMBER only with the scotsman this saturday to stop go NUMBER notxt co uk,1
k then come wenever u lik to come and also tel vikky to come by getting free time,0
pls call me da what happen,0
happy new year to u and ur family may this new year bring happiness stability and tranquility to ur vibrant colourful life,0
no problem with the renewal i ll do it right away but i dont know his details,0
idk i m sitting here in a stop and shop parking lot right now bawling my eyes out because i feel like i m a failure in everything nobody wants me and now i feel like i m failing you,0
haven t left yet so probably gonna be here til dinner,0
like lt gt same question,0
my new years eve was ok i went to a party with my boyfriend who is this si then hey,0
sir i need velusamy sir s date of birth and company bank facilities details,0
k k sms chat with me,0
i will come with karnan car please wait till NUMBER pm will directly goto doctor,0
no but the bluray player can,0
ok then r we meeting later,0
lol no i just need to cash in my nitros hurry come on before i crash out,0
just send a text we ll skype later,0
ok leave no need to ask,0
congrats NUMBER mobile NUMBER g videophones r yours call NUMBER now videochat wid ur mates play java games dload polyph music noline rentl bx NUMBER ip NUMBER NUMBER we NUMBER p,1
still got lessons in sch,0
y she dun believe leh i tot i told her it s true already i thk she muz c us tog then she believe,0
oh did you charge camera,0
i ve got some salt you can rub it in my open wounds if you like,0
now i m going for lunch,0
i m in school now n i ll be in da lab doing some stuff give me a call when r done,0
oh k i will come tomorrow,0
aight text me tonight and we ll see what s up,0
u NUMBER,0
water logging in desert geoenvironmental implications,0
raji pls do me a favour pls convey my birthday wishes to nimya pls today is her birthday,0
company is very good environment is terrific and food is really nice,0
very strange and are watching the NUMBER nd one now but i m in bed sweet dreams miss u,0
sms auction a brand new nokia NUMBER is up NUMBER auction today auction is free NUMBER join take part txt nokia to NUMBER now,1
hi hope u r both ok he said he would text and he hasn t have u seen him let me down gently please,0
babe i fucking love you too you know fuck it was so good to hear your voice i so need that i crave it i can t get enough i adore you ahmad kisses,0
k sure am in my relatives home sms me de pls,0
i sent them do you like,0
fuuuuck i need to stop sleepin sup,0
i m in town now so i ll jus take mrt down later,0
i just cooked a rather nice salmon a la you,0
i uploaded mine to facebook,0
what time u wrkin,0
okie,0
ree entry in NUMBER a weekly comp for a chance to win an ipod txt pod to NUMBER to get entry std txt rate t c s apply NUMBER for details NUMBER,1
our records indicate u maybe entitled to NUMBER pounds in compensation for the accident you had to claim NUMBER free reply with claim to this msg NUMBER stop txt stop,1
sorry i ll call later,0
oh oh den muz change plan liao go back have to yan jiu again,0
it s wylie you in tampa or sarasota,0
ok take ur time n enjoy ur dinner,0
darren was saying dat if u meeting da ge den we dun meet NUMBER dinner cos later u leave xy will feel awkward den u meet him NUMBER lunch lor,0
spook up your mob with a halloween collection of a logo pic message plus a free eerie tone txt card spook to NUMBER zed NUMBER p per logo pic,1
i like cheap but i m happy to splash out on the wine if it makes you feel better,0
she s fine i have had difficulties with her phone it works with mine can you pls send her another friend request,0
ugh my leg hurts musta overdid it on mon,0
call germany for only NUMBER pence per minute call from a fixed line via access number NUMBER NUMBER NUMBER NUMBER no prepayment direct access URL,1
you ve won your NUMBER costa del sol holiday or NUMBER await collection call NUMBER now toclaim sae tc s pobox NUMBER stockport sk NUMBER xh cost NUMBER NUMBER pm max NUMBER mins,1
wot student discount can u get on books,0
me fine absolutly fine,0
how come she can get it should b quite diff to guess rite,0
had your mobile NUMBER mths update for free to oranges latest colour camera mobiles unlimited weekend calls call mobile upd NUMBER on freefone NUMBER or NUMBER stoptxt,1
i will reach ur home in lt gt minutes,0
babe i m answering you can t you see me maybe you d better reboot ym i got the photo it s great,0
hi what you think about match,0
i know you are thinkin malaria but relax children cant handle malaria she would have been worse and its gastroenteritis if she takes enough to replace her loss her temp will reduce and if you give her malaria meds now she will just vomit its a self limiting illness she has which means in a few days it will completely stop,0
dai i downloaded but there is only exe file which i can only run that exe after installing,0
it is only yesterday true true,0
k k how is your business now,0
NUMBER pa but not selected,0
natalja NUMBER f is inviting you to be her friend reply yes NUMBER or no NUMBER see her URL stop send stop frnd to NUMBER,1
i keep ten rs in my shelf buy two egg,0
i am late i will be there at,0
well thats nice too bad i cant eat it,0
i accidentally brought em home in the box,0
pls she needs to dat slowly or she will vomit more,0
i have to take exam with in march NUMBER,0
jane babes not goin NUMBER wrk feel ill after lst nite foned in already cover NUMBER me chuck,0
NUMBER nights we nt staying at port step liao too ex,0
if i die i want u to have all my stuffs,0
oh fuck juswoke up in a bed on a boatin the docks slept wid NUMBER year old spinout giv u da gossip l NUMBER r xxx,0
smile in pleasure smile in pain smile when trouble pours like rain smile when sum NUMBER hurts u smile becoz someone still loves to see u smiling,0
prabha i m soryda realy frm heart i m sory,0
i re met alex nichols from middle school and it turns out he s dealing,0
private your NUMBER account statement for fone no shows NUMBER un redeemed s i m points call NUMBER identifier code NUMBER expires NUMBER NUMBER NUMBER,1
it means u could not keep ur words,0
nope i m still in the market,0
i realise you are a busy guy and i m trying not to be a bother i have to get some exams outta the way and then try the cars do have a gr NUMBER day,0
you are chosen to receive a NUMBER award pls call claim number NUMBER to collect your award which you are selected to receive as a valued mobile customer,1
hey what how about your project started aha da,0
ok cool see ya then,0
am on the uworld site am i buying the qbank only or am i buying it with the self assessment also,0
your opinion about me NUMBER over NUMBER jada NUMBER kusruthi NUMBER lovable NUMBER silent NUMBER spl character NUMBER not matured NUMBER stylish NUMBER simple pls reply,0
someonone you know is trying to contact you via our dating service to find out who it could be call from your mobile or landline NUMBER box NUMBER sk NUMBER ch,1
yeah i can still give you a ride,0
jay wants to work out first how s NUMBER sound,0
gud gud k chikku tke care sleep well gud nyt,0
its a part of checking iq,0
hmm thinking lor,0
of course don t tease me you know i simply must see grins do keep me posted my prey loving smile devouring kiss,0
thanks for the temales it was wonderful thank have a great week,0
thank you princess i want to see your nice juicy booty,0
haven t eaten all day i m sitting here staring at this juicy pizza and i can t eat it these meds are ruining my life,0
gud ni NUMBER dear slp well take care swt dreams muah,0
u come n search tat vid not finishd,0
k i m leaving soon be there a little after NUMBER,0
urgent please call NUMBER from a landline NUMBER cash or a NUMBER holiday await collection t cs sae po box NUMBER m NUMBER xy NUMBER,1
yeah work is fine started last week all the same stuff as before dull but easy and guys are fun,0
you do your studies alone without anyones help if you cant no need to study,0
please tell me not all of my car keys are in your purse,0
i didnt get anything da,0
ok sweet dreams,0
well she s in for a big surprise,0
as usual iam fine happy amp doing well,0
NUMBER in cbe NUMBER in chennai,0
can help u swoop by picking u up from wherever ur other birds r meeting if u want,0
if anyone calls for a treadmill say you ll buy it make sure its working i found an ad on craigslist selling for lt gt,0
i absolutely love south park i only recently started watching the office,0
did you see that film,0
pls speak with me i wont ask anything other then you friendship,0
storming msg wen u lift d phne u say hello do u knw wt is d real meaning of hello it s d name of a girl yes and u knw who is dat girl margaret hello she is d girlfrnd f grahmbell who invnted telphone moral one can NUMBER get d name of a person bt not his girlfrnd g o o d n i g h t,0
gud ni NUMBER swt drms take care,0
hi darlin its kate are u up for doin somethin tonight im going to a pub called the swan or something with my parents for one drink so phone me if u can,0
anything lar then not going home NUMBER dinner,0
er enjoyin indians at the mo yep sall good hehe hows bout u shexy pete xx,0
if you don t your prize will go to another customer t c at URL NUMBER NUMBER p min polo ltd suite NUMBER london w NUMBER j NUMBER hl please call back if busy,1
did u fix the teeth if not do it asap ok take care,0
so u wan NUMBER come for our dinner tonight a not,0
hello how u doing what u been up NUMBER when will u b moving out of the flat cos i will need to arrange to pick up the lamp etc take care hello caroline,0
its too late but its k wish you the same,0
hi hope ur day good back from walk table booked for half eight let me know when ur coming over,0
oh yeah clearly it s my fault,0
dunno leh cant remember mayb lor so wat time r we meeting tmr,0
best msg it s hard to be with a person when u know that one more step foward will make u fall in love amp one step back can ruin ur friendship good night,0
urgent your mobile number has been awarded with a NUMBER prize guaranteed call NUMBER from land line claim NUMBER valid NUMBER hrs only NUMBER ppm,1
helloooo wake up sweet morning welcomes you enjoy this day with full of joy gud mrng,0
vikky come around lt time gt,0
and how you will do that princess,0
i have gone into get info bt dont know what to do,0
yeah probably here for a while,0
sent me ur email id soon,0
urgent you have won a NUMBER week free membership in our NUMBER NUMBER prize jackpot txt the word claim to no NUMBER t c URL lccltd pobox NUMBER ldnw NUMBER a NUMBER rw NUMBER,1
i m still pretty weak today bad day,0
hey don t forget you are mine for me my possession my property mmm childish smile,0
an excellent thought by a misundrstud frnd i knw u hate me bt the day wen u ll knw the truth u ll hate urself gn,0
hey congrats NUMBER u NUMBER id luv NUMBER but ive had NUMBER go home,0
dear where you call me,0
xy trying smth now u eat already we havent,0
urgent please call NUMBER from landline NUMBER cash or a luxury NUMBER canary islands holiday await collection t cs sae po box NUMBER m NUMBER xy NUMBER ppm NUMBER,1
i donno its in your genes or something,0
xmas iscoming ur awarded either NUMBER cd gift vouchers free entry NUMBER r NUMBER weekly draw txt music to NUMBER tnc URL,1
alex says he s not ok with you not being ok with it,0
are u coming to the funeral home,0
my darling sister how are you doing when s school resuming is there a minimum wait period before you reapply do take care,0
i ll hand her my phone to chat wit u,0
well good morning mr hows london treatin ya treacle,0
i can t make it tonight,0
at what time should i come tomorrow,0
about lt gt bucks the banks fees are fixed better to call the bank and find out,0
i can but it will tell quite long cos i haven t finish my film yet,0
pls ask macho how much is budget for bb bold NUMBER is cos i saw a new one for lt gt dollars,0
hi missed your call and my mumhas beendropping red wine all over theplace what is your adress,0
ill be at yours in about NUMBER mins but look out for me,0
what you did in leave,0
i m coming back on thursday yay is it gonna be ok to get the money cheers oh yeah and how are you everything alright hows school or do you call it work now,0
jolly good by the way will give u tickets for sat eve NUMBER NUMBER speak before then x,0
yeah that s what i was thinking,0
k k i m going to tirunelvali this week to see my uncle i already spend the amount by taking dress so only i want money i will give it on feb NUMBER,0
here got ur favorite oyster n got my favorite sashimi ok lar i dun say already wait ur stomach start rumbling,0
my sister going to earn more than me da,0
get the official england poly ringtone or colour flag on yer mobile for tonights game text tone or flag to NUMBER optout txt eng stop box NUMBER w NUMBER wx NUMBER NUMBER,1
hahaha use your brain dear,0
jus finish watching tv u,0
k fyi i m back in my parents place in south tampa so i might need to do the deal somewhere else,0
good morning my love i go to sleep now and wish you a great day full of feeling better and opportunity you are my last thought babe i love you kiss,0
kothi print out marandratha,0
but we havent got da topic yet rite,0
ok no problem yup i m going to sch at NUMBER if i rem correctly,0
thanks i ll keep that in mind,0
aah bless how s your arm,0
dear sir salam alaikkum pride and pleasure meeting you today at the tea shop we are pleased to send you our contact number at qatar rakhesh an indian pls save our number respectful regards,0
gal n boy walking in d park gal can i hold ur hand boy y do u think i would run away gal no jst wana c how it feels walking in heaven with an prince gn,0
what makes you most happy,0
wishing you a wonderful week,0
sweet heart how are you,0
sir waiting for your letter,0
dude im no longer a pisces im an aquarius now,0
x course it NUMBER yrs just so her messages on messenger lik you r sending me,0
i think steyn surely get one wicket,0
neither in sterm voice i m studying all fine with me not sure the thing will be resolved tho anyway have a fab hols,0
garbage bags eggs jam bread hannaford wheat chex,0
no it s not pride i m almost lt gt years old and shouldn t be takin money from my kid you re not supposed to have to deal with this stuff this is grownup stuff why i don t tell you,0
sounds better than my evening im just doing my costume im not sure what time i finish tomorrow but i will txt you at the end,0
my birthday is on feb lt gt da,0
so when do you wanna gym,0
you d like that wouldn t you jerk,0
are u awake is there snow there,0
and of course you should make a stink,0
u r subscribed NUMBER textcomp NUMBER wkly comp NUMBER st wk s free question follows subsequent wks charged NUMBER p msg NUMBER unsubscribe txt stop NUMBER NUMBER custcare NUMBER,1
no go no openings for that room til after thanksgiving without an upcharge,0
when you guys planning on coming over,0
wat doing now,0
my parents my kidz my friends n my colleagues all screaming surprise and i was waiting on the sofa naked,0
no sir that s why i had an NUMBER hr trip on the bus last week have another audition next wednesday but i think i might drive this time,0
do i i thought i put it back in the box,0
i m home,0
no one interested may be some business plan,0
yup it s at paragon i havent decided whether NUMBER cut yet hee,0
good morning princess have a great day,0
guai shd haf seen him when he s naughty so free today can go jogging,0
aiyo cos i sms then neva reply so i wait NUMBER to reply lar i tot havent finish ur lab wat,0
living is very simple loving is also simple laughing is too simple winning is tooo simple but being simple is very difficult,0
tell me something thats okay,0
ok,0
hmm shall i bring a bottle of wine to keep us amused just joking i ll still bring a bottle red or white see you tomorrow,0
this is ur face test NUMBER NUMBER NUMBER NUMBER NUMBER NUMBER NUMBER NUMBER NUMBER lt gt select any number i will tell ur face astrology am waiting quick reply,0
hey iouri gave me your number i m wylie ryan s friend,0
yep get with the program you re slacking,0
i m in inside office still filling forms don know when they leave me,0
i think your mentor is but not NUMBER percent sure,0
call NUMBER and send our girls into erotic ecstacy just NUMBER p min to stop texts call NUMBER nat rate,1
camera you are awarded a sipix digital camera call NUMBER fromm landline delivery within NUMBER days,1
a NUMBER xmas reward is waiting for you our computer has randomly picked you from our loyal mobile customers to receive a NUMBER reward just call NUMBER,1
just trying to figure out when i m suppose to see a couple different people this week we said we d get together but i didn t set dates,0
important message this is a final contact attempt you have important messages waiting out our customer claims dept expires NUMBER NUMBER NUMBER call NUMBER now,1
hi mom we might be back later than lt gt,0
dating i have had two of these only started after i sent a text to talk sport radio last week any connection do you think or coincidence,1
lol oh you got a friend for the dog,0
ok is any problem to u frm him wats matter,0
k i ll head out in a few mins see you there,0
do u konw waht is rael friendship im gving yuo an exmpel jsut ese tihs msg evrey splleing of tihs msg is wrnog bt sitll yuo can raed it wihtuot ayn mitsake goodnight amp have a nice sleep sweet dreams,0
i cant pick the phone right now pls send a message,0
i don t want you to leave but i m barely doing what i can to stay sane fighting with you constantly isn t helping,0
the current leading bid is NUMBER to pause this auction send out customer care NUMBER,1
free entry to the gr NUMBER prizes wkly comp NUMBER a chance to win the latest nokia NUMBER psp or NUMBER cash every wk txt great to NUMBER URL NUMBER,1
somebody set up a website where you can play hold em using eve online spacebucks,0
its sunny in california the weather s just cool,0
you have NUMBER new message call NUMBER NUMBER NUMBER,1
i can make it up there squeezed lt gt bucks out of my dad,0
good day to you too pray for me remove the teeth as its painful maintaining other stuff,0
how are you babes hope your doing ok i had a shit nights sleep i fell asleep at NUMBER i m knackered and i m dreading work tonight what are thou upto tonight x,0
how do friends help us in problems they give the most stupid suggestion that lands us into another problem and helps us forgt the previous problem,0
i m at work please call,0
i will be gentle baby soon you will be taking all lt gt inches deep inside your tight pussy,0
not much no fights it was a good nite,0
ok ok ok then whats ur todays plan,0
nt joking seriously i told,0
watching ajith film ah,0
ooooooh i forgot to tell u i can get on yoville on my phone,0
all done all handed in don t know if mega shop in asda counts as celebration but thats what i m doing,0
i dont know exactly could you ask chechi,0
dunno lei shd b driving lor cos i go sch NUMBER hr oni,0
as in i want custom officer discount oh,0
that s necessarily respectful,0
hi hope you had a good day have a better night,0
and he s apparently bffs with carly quick now,0
hard but true how much you show amp express your love to someone that much it will hurt when they leave you or you get seperated ud evening,0
babes i think i got ur brolly i left it in english wil bring it in NUMBER mrw NUMBER u luv franxx,0
hi babe its me thanks for coming even though it didnt go that well i just wanted my bed hope to see you soon love and kisses xxx,0
so gd got free ice cream i oso wan,0
pls give her prometazine syrup NUMBER mls then lt gt mins later feed,0
so how many days since then,0
dear are you angry i was busy dear,0
yup he msg me is tat yijue then i tot it s my group mate cos we meeting today mah i m askin if leaving earlier or wat mah cos mayb haf to walk v far,0
are you in the pub,0
there is a first time for everything,0
daddy shu shu is looking NUMBER u u wan me NUMBER tell him u re not in singapore or wat,0
i ask if u meeting da ge tmr nite,0
gr NUMBER so how do you handle the victoria island traffic plus when s the album due,0
nite nite pocay wocay luv u more than n e thing NUMBER eva i promise ring u NUMBER morrowxxxx,0
east coast,0
you should get more chicken broth if you want ramen unless there s some i don t know about,0
my slave i want you to take NUMBER or NUMBER pictures of yourself today in bright light on your cell phone bright light,0
nope i just forgot will show next week,0
so how are you really what are you up to how s the masters and so on,0
i m at bruce amp fowler now but i m in my mom s car so i can t park long story,0
i dont know oh hopefully this month,0
hi elaine is today s meeting confirmed,0
ok k sry i knw NUMBER siva tats y i askd,0
sorry i ll call later,0
u horrible gal u knew dat i was going out wif him yest n u still come n ask me,0
otherwise had part time job na tuition,0
oh yeah and my diet just flew out the window,0
santa calling would your little ones like a call from santa xmas eve call NUMBER to book your time,1
you didnt complete your gist oh,0
er yeah i will b there at NUMBER NUMBER sorry just tell me which pub cafe to sit in and come wen u can,0
if you can make it any time tonight or whenever you can it s cool just text me whenever you re around,0
if i was i wasn t paying attention,0
thanx a lot NUMBER ur help,0
you re gonna have to be way more specific than that,0
jesus armand really is trying to tell everybody he can find,0
i m wif him now buying tix lar,0
mode men or have you left,0
am slow in using biola s fne,0
what are youdoing later sar xxx,0
hey i ve booked the NUMBER lessons on sun liao,0
thank you do you generally date the brothas,0
by the way make sure u get train to worc foregate street not shrub hill have fun night x,0
i thought i d get him a watch just cos thats the kind of thing u get NUMBER an NUMBER th and he loves so much,0
you have won a guaranteed NUMBER award or maybe even NUMBER cash to claim ur award call free on NUMBER NUMBER its a legitimat efreefone number wat do u think,1
good morning at the repair shop the only reason i m up at this hour,0
and that s fine i got enough bud to last most of the night at least,0
i am back good journey let me know if you need any of the receipts shall i tell you like the pendent,0
so that takes away some money worries,0
aight we can pick some up you open before tonight,0
latest news police station toilet stolen cops have nothing to go on,1
sac needs to carry on,0
just sing hu i think its also important to find someone female that know the place well preferably a citizen that is also smart to help you navigate through even things like choosing a phone plan require guidance when in doubt ask especially girls,0
what hello wats talks email address,0
except theres a chick with huge boobs,0
im just wondering what your doing right now,0
wishing you a beautiful day each moment revealing even more things to keep you smiling do enjoy it,0
for the most sparkling shopping breaks from NUMBER per person call NUMBER NUMBER or visit URL,1
arun can u transfr me d amt,0
sorry i ll call later,0
if you hear a loud scream in about lt gt minutes its cause my gyno will be shoving things up me that don t belong,0
december only had your mobile NUMBER mths you are entitled to update to the latest colour camera mobile for free call the mobile update co free on NUMBER,1
ok i thk i got it then u wan me NUMBER come now or wat,0
txt call to no NUMBER claim your reward of NUMBER hours talk time to use from your phone now subscribe NUMBER gbp mnth inc NUMBER hrs NUMBER stop txtstop URL,1
u goin out NUMBER nite,0
i will treasure every moment we spend together,0
shall i bring us a bottle of wine to keep us amused only joking i ll bring one anyway,0
URL widelive com index wml id NUMBER ad NUMBER a NUMBER first true c c ringtone,1
get your garden ready for summer with a free selection of summer bulbs and seeds worth NUMBER NUMBER only with the scotsman this saturday to stop go NUMBER notxt co uk,1
urgent last weekend s draw shows that you have won NUMBER cash or a spanish holiday call now NUMBER to claim t c rstm sw NUMBER NUMBER ss NUMBER ppm,1
ok lor,0
i thought slide is enough,0
yup,0
well obviously not because all the people in my cool college life went home,0
ok lor reaching then message me,0
where s mummy s boy is he being good or bad is he being positive or negative why is mummy being made to wait hmmmm,0
dhoni have luck to win some big title so we will win,0
yes princess i want to please you every night your wish is my command,0
what today sunday sunday is holiday so no work,0
no probably lt gt,0
really do hope the work doesnt get stressful have a gr NUMBER day,0
have you seen who s back at holby,0
shall call now dear having food,0
urgent we are trying to contact you last weekends draw shows u have won a NUMBER prize guaranteed call NUMBER claim code k NUMBER valid NUMBER hrs NUMBER p pm,1
so li hai me bored now da lecturer repeating last weeks stuff waste time,0
and picking them up from various points going NUMBER yeovil and they will do the motor project NUMBER NUMBER hours and then u take them home NUMBER NUMBER NUMBER NUMBER max very easy,0
also fuck you and your family for going to rhode island or wherever the fuck and leaving me all alone the week i have a new bong gt,0
ofcourse i also upload some songs,0
NUMBER p per min to call germany NUMBER from your bt line just NUMBER p per min check planettalkinstant com for info t s c s text stop to opt out,1
k i will sent it again,0
oh thanks a lot i already bought NUMBER eggs,0
k i will sent it again,0
u studying in sch or going home anyway i ll b going NUMBER sch later,0
marvel mobile play the official ultimate spider man game NUMBER NUMBER on ur mobile right now text spider to NUMBER for the game we ll send u a free NUMBER ball wallpaper,1
i think if he rule tamilnadu then its very tough for our people,0
cool we shall go and see have to go to tip anyway are you at home got something to drop in later so lets go to town tonight maybe mum can take us in,0
good afternoon my love how goes your day how did you sleep i hope your well my boytoy i think of you,0
yes i trust u to buy new stuff asap so i can try it out,0
sms services for your inclusive text credits pls goto URL login NUMBER qxj NUMBER unsubscribe with stop no extra charge help NUMBER comuk NUMBER cm NUMBER NUMBER ae,1
why did i wake up on my own gt,0
now get step NUMBER outta the way congrats again,0
love has one law make happy the person you love in the same way friendship has one law never make ur friend feel alone until you are alive gud night,0
private your NUMBER account statement for NUMBER shows NUMBER un redeemed s i m points call NUMBER identifier code NUMBER expires NUMBER NUMBER NUMBER,1
apo all other are mokka players only,0
perhaps is much easy give your account identification so i will tomorrow at uni,0
wait i will msg after lt gt min,0
what i told before i tell stupid hear after i wont tell anything to you you dad called to my brother and spoken not with me,0
god s love has no limit god s grace has no measure god s power has no boundaries may u have god s endless blessings always in ur life gud ni NUMBER,0
i want to be inside you every night,0
machan you go to gym tomorrow i wil come late goodnight,0
lol they were mad at first but then they woke up and gave in,0
i went to project centre,0
it s reassuring in this crazy world,0
just making dinner you,0
yes please leave at lt gt so that at lt gt we can leave,0
oh okie lor we go on sat,0
you are a great role model you are giving so much and i really wish each day for a miracle but god as a reason for everything and i must say i wish i knew why but i dont i ve looked up to you since i was young and i still do have a great day,0
ya i m referin to mei s ex wat no ah waitin NUMBER u to treat somebody shld b rich liao so gd den u dun have to work frm tmr onwards,0
miles and smiles r made frm same letters but do u know d difference smile on ur face keeps me happy even though i am miles away from u keep smiling good nyt,0
by the way i ve put a skip right outside the front of the house so you can see which house it is just pull up before it,0
can you pls send me that company name in saibaba colany,0
no i dont want to hear anything,0
you are a big chic common declare,0
thats cool i want to please you,0
going to join tomorrow,0
you are awarded a sipix digital camera call NUMBER from landline delivery within NUMBER days t cs box NUMBER m NUMBER bp NUMBER yr warranty NUMBER ppm NUMBER p p NUMBER NUMBER,1
i want to tell you how bad i feel that basically the only times i text you lately are when i need drugs,0
private your NUMBER account statement for shows NUMBER un redeemed s i m points call NUMBER identifier code NUMBER expires NUMBER NUMBER NUMBER,1
total disappointment when i texted you was the craziest shit got,0
its just the effect of irritation just ignore it,0
what about this one then,0
i think that tantrum s finished so yeah i ll be by at some point,0
compliments to you was away from the system how your side,0
happened here while you were adventuring,0
hey chief can you give me a bell when you get this need to talk to you about this royal visit on the NUMBER st june,0
ok which your another number,0
i know you are thinkin malaria but relax children cant handle malaria she would have been worse and its gastroenteritis if she takes enough to replace her loss her temp will reduce and if you give her malaria meds now she will just vomit its a self limiting illness she has which means in a few days it will completely stop,0
aiyah ok wat as long as got improve can already wat,0
want explicit sex in NUMBER secs ring NUMBER now costs NUMBER p min gsex pobox NUMBER wc NUMBER n NUMBER xx,1
i can t believe how attached i am to seeing you every day i know you will do the best you can to get to me babe i will go to teach my class at your midnight,0
just sleeping and surfing,0
asked NUMBER mobile if NUMBER chatlines inclu in free mins india cust servs sed yes l NUMBER er got mega bill NUMBER dont giv a shit bailiff due in days i o NUMBER NUMBER want NUMBER,1
yeah it s jus rite,0
armand says get your ass over to epsilon,0
u still havent got urself a jacket ah,0
i m taking derek amp taylor to walmart if i m not back by the time you re done just leave the mouse on my desk and i ll text you when priscilla s ready,0
hi its in durban are you still on this number,0
ic there are a lotta childporn cars then,0
had your contract mobile NUMBER mnths latest motorola nokia etc all free double mins text on orange tariffs text yes for callback no to remove from records,1
no i was trying it all weekend v,0
you know wot people wear t shirts jumpers hat belt is all we know we r at cribbs,0
cool what time you think you can get here,0
wen did you get so spiritual and deep that s great,0
have a safe trip to nigeria wish you happiness and very soon company to share moments with,0
hahaha use your brain dear,0
well keep in mind i ve only got enough gas for one more round trip barring a sudden influx of cash,0
yeh indians was nice tho it did kane me off a bit he he we shud go out NUMBER a drink sometime soon mite hav NUMBER go NUMBER da works NUMBER a laugh soon love pete x x,0
yes i have so that s why u texted pshew missing you so much,0
no i meant the calculation is the same that lt gt units at lt gt this school is really expensive have you started practicing your accent because its important and have you decided if you are doing NUMBER years of dental school or if you ll just do the nmde exam,0
sorry i ll call later,0
if you aren t here in the next lt gt hours imma flip my shit,0
anything lor juz both of us lor,0
get me out of this dump heap my mom decided to come to lowes boring,0
ok lor sony ericsson salesman i ask shuhui then she say quite gd NUMBER use so i considering,0
ard NUMBER like dat lor,0
why don t you wait til at least wednesday to see if you get your,0
huh y lei,0
reminder from o NUMBER to get NUMBER NUMBER pounds free call credit and details of great offers pls reply NUMBER this text with your valid name house no and postcode,1
this is the NUMBER nd time we have tried NUMBER contact u u have won the NUMBER pound prize NUMBER claim is easy call NUMBER now NUMBER only NUMBER p per minute bt national rate,1
will b going to esplanade fr home,0
pity was in mood for that so any other suggestions,0
the guy did some bitching but i acted like i d be interested in buying something else next week and he gave it to us for free,0
rofl its true to its name,0
